Command line: /home/vscode/miniforge3/envs/bioinfo/bin/spades.py	-1	/workspaces/Bioinfo_PPGSis_2026.1/1_dados/1.brutos/aula_04/trim/SRR13510367_R1_paired.fastq.gz	-2	/workspaces/Bioinfo_PPGSis_2026.1/1_dados/1.brutos/aula_04/trim/SRR13510367_R2_paired.fastq.gz	-o	/workspaces/Bioinfo_PPGSis_2026.1/1_dados/1.brutos/aula_04/spades	--cov-cutoff	100	

System information:
  SPAdes version: 4.3.0
  Python version: 3.11.15
  OS: Linux-6.8.0-1052-azure-x86_64-with-glibc2.39

Output dir: /workspaces/Bioinfo_PPGSis_2026.1/1_dados/1.brutos/aula_04/spades
Mode: read error correction and assembling
Debug mode is turned OFF

Dataset parameters:
  Standard mode
  For multi-cell/isolate data we recommend to use '--isolate' option; for single-cell MDA data use '--sc'; for metagenomic data use '--meta'; for RNA-Seq use '--rna'.
  Reads:
    Library number: 1, library type: paired-end
      orientation: fr
      left reads: ['/workspaces/Bioinfo_PPGSis_2026.1/1_dados/1.brutos/aula_04/trim/SRR13510367_R1_paired.fastq.gz']
      right reads: ['/workspaces/Bioinfo_PPGSis_2026.1/1_dados/1.brutos/aula_04/trim/SRR13510367_R2_paired.fastq.gz']
      interlaced reads: not specified
      single reads: not specified
      merged reads: not specified
Read error correction parameters:
  Iterations: 1
  PHRED offset will be auto-detected
  Corrected reads will be compressed
Assembly parameters:
  k: automatic selection based on read length
  Repeat resolution is enabled
  Mismatch careful mode is turned OFF
  MismatchCorrector will be SKIPPED
  Coverage cutoff is turned ON and threshold is 100.000000
  Assembly graph output will use GFA v1.2 format
Other parameters:
  Dir for temp files: /workspaces/Bioinfo_PPGSis_2026.1/1_dados/1.brutos/aula_04/spades/tmp
  Threads: 16
  Memory limit (in Gb): 7


======= SPAdes pipeline started. Log can be found here: /workspaces/Bioinfo_PPGSis_2026.1/1_dados/1.brutos/aula_04/spades/spades.log

/workspaces/Bioinfo_PPGSis_2026.1/1_dados/1.brutos/aula_04/trim/SRR13510367_R1_paired.fastq.gz: max reads length: 251
/workspaces/Bioinfo_PPGSis_2026.1/1_dados/1.brutos/aula_04/trim/SRR13510367_R2_paired.fastq.gz: max reads length: 251

Reads length: 251

Default k-mer sizes were set to [21, 33, 55, 77, 99, 127] because estimated read length (251) is equal to or greater than 250

===== Before start started. 


===== Read error correction started. 


===== Read error correction started. 


== Running: /home/vscode/miniforge3/envs/bioinfo/bin/spades-hammer /workspaces/Bioinfo_PPGSis_2026.1/1_dados/1.brutos/aula_04/spades/corrected/configs/config.info

  0:00:00.000     1M / 19M   INFO    General                 (main.cpp                  :  76)   Starting BayesHammer, built from N/A, git revision N/A
  0:00:00.000     1M / 19M   INFO    General                 (main.cpp                  :  77)   Loading config from "/workspaces/Bioinfo_PPGSis_2026.1/1_dados/1.brutos/aula_04/spades/corrected/configs/config.info"
  0:00:00.003     1M / 19M   INFO    General                 (main.cpp                  :  79)   Maximum # of threads to use (adjusted due to OMP capabilities): 2
  0:00:00.004     1M / 19M   INFO    General                 (memory_limit.cpp          :  55)   Memory limit set to 7 Gb
  0:00:00.005     1M / 19M   INFO    General                 (main.cpp                  :  87)   Trying to determine PHRED offset
  0:00:00.005     1M / 19M   INFO    General                 (main.cpp                  :  93)   Determined value is 33
  0:00:00.008     1M / 19M   INFO    General                 (hammer_tools.cpp          :  40)   Hamming graph threshold tau=1, k=21, subkmer positions = [ 0 10 ]
  0:00:00.013     1M / 19M   INFO    General                 (main.cpp                  : 114)   Size of aux. kmer data 24 bytes
     === ITERATION 0 begins ===
  0:00:00.014     1M / 19M   INFO    General                 (kmer_index_builder.hpp    : 308)   Splitting kmer instances into 16 files using 2 threads. This might take a while.
  0:00:00.016     1M / 19M   INFO    General                 (file_limit.hpp            :  43)   Open file limit set to 524288
  0:00:00.016     1M / 19M   INFO    General                 (kmer_splitter.hpp         :  96)   Memory available for splitting buffers: 1.16665 Gb
  0:00:00.016     1M / 19M   INFO    General                 (kmer_splitter.hpp         : 104)   Using cell size of 4194304
  0:00:00.024  1153M / 1153M INFO   K-mer Splitting          (kmer_data.cpp             :  98)   Processing "/workspaces/Bioinfo_PPGSis_2026.1/1_dados/1.brutos/aula_04/trim/SRR13510367_R1_paired.fastq.gz"
  0:00:06.543  1153M / 1153M INFO   K-mer Splitting          (kmer_data.cpp             : 108)   Processed 152836 reads
  0:00:06.548  1153M / 1153M INFO   K-mer Splitting          (kmer_data.cpp             :  98)   Processing "/workspaces/Bioinfo_PPGSis_2026.1/1_dados/1.brutos/aula_04/trim/SRR13510367_R2_paired.fastq.gz"
  0:00:11.948  1153M / 1153M INFO   K-mer Splitting          (kmer_data.cpp             : 108)   Processed 305672 reads
  0:00:11.955  1153M / 1153M INFO   K-mer Splitting          (kmer_data.cpp             : 113)   Total 305672 reads processed
  0:00:12.100     1M / 610M  INFO    General                 (kmer_index_builder.hpp    : 314)   Starting k-mer counting.
  0:00:12.127     1M / 610M  INFO    General                 (kmer_index_builder.hpp    : 325)   K-mer counting done. There are 1128834 kmers in total.
  0:00:12.128     1M / 610M  INFO   K-mer Index Building     (kmer_index_builder.hpp    : 460)   Building perfect hash indices
  0:00:12.276     2M / 610M  INFO   K-mer Index Building     (kmer_index_builder.hpp    : 496)   Index built. Total 1128834 kmers, 827456 bytes occupied (5.86415 bits per kmer).
  0:00:12.276     2M / 610M  INFO   K-mer Counting           (kmer_data.cpp             : 355)   Arranging kmers in hash map order
  0:00:12.314    20M / 610M  INFO    General                 (main.cpp                  : 149)   Clustering Hamming graph.
  0:00:14.966    20M / 610M  INFO    General                 (main.cpp                  : 156)   Extracting clusters:
  0:00:14.966    20M / 610M  INFO    General                 (concurrent_dsu.cpp        :  19)   Connecting to root
  0:00:14.977    20M / 610M  INFO    General                 (concurrent_dsu.cpp        :  35)   Calculating counts
  0:00:14.999    24M / 610M  INFO    General                 (concurrent_dsu.cpp        :  64)   Writing down entries
  0:00:15.037    20M / 610M  INFO    General                 (main.cpp                  : 168)   Clustering done. Total clusters: 146613
  0:00:15.037    11M / 610M  INFO   K-mer Counting           (kmer_data.cpp             : 372)   Collecting K-mer information, this takes a while.
  0:00:15.040    37M / 610M  INFO   K-mer Counting           (kmer_data.cpp             : 378)   Processing "/workspaces/Bioinfo_PPGSis_2026.1/1_dados/1.brutos/aula_04/trim/SRR13510367_R1_paired.fastq.gz"
  0:00:41.601    37M / 610M  INFO   K-mer Counting           (kmer_data.cpp             : 378)   Processing "/workspaces/Bioinfo_PPGSis_2026.1/1_dados/1.brutos/aula_04/trim/SRR13510367_R2_paired.fastq.gz"
  0:01:06.628    37M / 610M  INFO   K-mer Counting           (kmer_data.cpp             : 385)   Collection done, postprocessing.
  0:01:06.635    37M / 610M  INFO   K-mer Counting           (kmer_data.cpp             : 398)   There are 1128834 kmers in total. Among them 681852 (60.4032%) are singletons.
  0:01:06.635    37M / 610M  INFO    General                 (main.cpp                  : 174)   Subclustering Hamming graph
  0:01:07.310    37M / 610M  INFO   Hamming Subclustering    (kmer_cluster.cpp          : 637)   Subclustering done. Total 1 non-read kmers were generated.
  0:01:07.310    37M / 610M  INFO   Hamming Subclustering    (kmer_cluster.cpp          : 638)   Subclustering statistics:
  0:01:07.311    37M / 610M  INFO   Hamming Subclustering    (kmer_cluster.cpp          : 639)     Total singleton hamming clusters: 83718. Among them 60722 (72.5316%) are good
  0:01:07.311    37M / 610M  INFO   Hamming Subclustering    (kmer_cluster.cpp          : 640)     Total singleton subclusters: 516. Among them 516 (100%) are good
  0:01:07.311    37M / 610M  INFO   Hamming Subclustering    (kmer_cluster.cpp          : 641)     Total non-singleton subcluster centers: 63649. Among them 62557 (98.2843%) are good
  0:01:07.311    37M / 610M  INFO   Hamming Subclustering    (kmer_cluster.cpp          : 642)     Average size of non-trivial subcluster: 16.42 kmers
  0:01:07.311    37M / 610M  INFO   Hamming Subclustering    (kmer_cluster.cpp          : 643)     Average number of sub-clusters per non-singleton cluster: 1.02019
  0:01:07.311    37M / 610M  INFO   Hamming Subclustering    (kmer_cluster.cpp          : 644)     Total solid k-mers: 123795
  0:01:07.311    37M / 610M  INFO   Hamming Subclustering    (kmer_cluster.cpp          : 645)     Substitution probabilities: (     0.951547    0.0149813    0.0177846    0.0156868 )
(     0.024127      0.94993   0.00506373     0.020879 )
(     0.020813   0.00504978     0.949949    0.0241884 )
(    0.0156186    0.0177474    0.0149433     0.951691 )
  0:01:07.312    37M / 610M  INFO    General                 (main.cpp                  : 179)   Finished clustering.
  0:01:07.312    37M / 610M  INFO    General                 (main.cpp                  : 198)   Starting solid k-mers expansion in 2 threads.
  0:01:17.292    37M / 610M  INFO    General                 (main.cpp                  : 219)   Solid k-mers iteration 0 produced 28812 new k-mers.
  0:01:27.481    37M / 610M  INFO    General                 (main.cpp                  : 219)   Solid k-mers iteration 1 produced 6784 new k-mers.
  0:01:38.281    37M / 610M  INFO    General                 (main.cpp                  : 219)   Solid k-mers iteration 2 produced 20 new k-mers.
  0:01:48.431    37M / 610M  INFO    General                 (main.cpp                  : 219)   Solid k-mers iteration 3 produced 0 new k-mers.
  0:01:48.431    37M / 610M  INFO    General                 (main.cpp                  : 223)   Solid k-mers finalized
  0:01:48.431    37M / 610M  INFO    General                 (hammer_tools.cpp          : 226)   Starting read correction in 2 threads.
  0:01:48.432    37M / 610M  INFO    General                 (hammer_tools.cpp          : 239)   Correcting pair of reads: "/workspaces/Bioinfo_PPGSis_2026.1/1_dados/1.brutos/aula_04/trim/SRR13510367_R1_paired.fastq.gz" and "/workspaces/Bioinfo_PPGSis_2026.1/1_dados/1.brutos/aula_04/trim/SRR13510367_R2_paired.fastq.gz"
  0:01:49.683   224M / 610M  INFO    General                 (hammer_tools.cpp          : 173)   Prepared batch 0 of 152836 reads.
  0:01:56.979   225M / 610M  INFO    General                 (hammer_tools.cpp          : 180)   Processed batch 0
  0:01:57.584   225M / 610M  INFO    General                 (hammer_tools.cpp          : 190)   Written batch 0
  0:01:57.618    37M / 610M  INFO    General                 (hammer_tools.cpp          : 280)   Correction done. Changed 38104 bases in 32799 reads.
  0:01:57.619    37M / 610M  INFO    General                 (hammer_tools.cpp          : 281)   Failed to correct 0 bases out of 67449297.
  0:01:57.619     1M / 610M  INFO    General                 (main.cpp                  : 256)   Saving corrected dataset description to /workspaces/Bioinfo_PPGSis_2026.1/1_dados/1.brutos/aula_04/spades/corrected/corrected.yaml
  0:01:57.620     1M / 610M  INFO    General                 (main.cpp                  : 263)   All done. Exiting.

===== Read error correction finished. 


===== corrected reads compression started. 


== Running: /home/vscode/miniforge3/envs/bioinfo/bin/python3 /home/vscode/miniforge3/envs/bioinfo/share/spades/spades_pipeline/supplemetary/compress_all.py --input_file /workspaces/Bioinfo_PPGSis_2026.1/1_dados/1.brutos/aula_04/spades/corrected/corrected.yaml --ext_python_modules_home /home/vscode/miniforge3/envs/bioinfo/share/spades --max_threads 16 --output_dir /workspaces/Bioinfo_PPGSis_2026.1/1_dados/1.brutos/aula_04/spades/corrected --gzip_output

== Compressing corrected reads (with gzip)
== Files to compress: ['/workspaces/Bioinfo_PPGSis_2026.1/1_dados/1.brutos/aula_04/spades/corrected/SRR13510367_R1_paired.fastq00.0_0.cor.fastq', '/workspaces/Bioinfo_PPGSis_2026.1/1_dados/1.brutos/aula_04/spades/corrected/SRR13510367_R2_paired.fastq00.0_0.cor.fastq', '/workspaces/Bioinfo_PPGSis_2026.1/1_dados/1.brutos/aula_04/spades/corrected/SRR13510367_R_unpaired00.0_0.cor.fastq']
== Files compression is finished
== Dataset yaml file is updated

===== corrected reads compression finished. 


===== Read error correction finished. 


===== Assembling started. 


===== K21 started. 


== Running: /home/vscode/miniforge3/envs/bioinfo/bin/spades-core /workspaces/Bioinfo_PPGSis_2026.1/1_dados/1.brutos/aula_04/spades/K21/configs/config.info

  0:00:00.000     1M / 19M   INFO    General                 (main.cpp                  :  94)   Loaded config from "/workspaces/Bioinfo_PPGSis_2026.1/1_dados/1.brutos/aula_04/spades/K21/configs/config.info"
  0:00:00.000     1M / 19M   INFO    General                 (memory_limit.cpp          :  55)   Memory limit set to 7 Gb
  0:00:00.000     1M / 19M   INFO    General                 (main.cpp                  : 102)   Starting SPAdes, built from N/A, git revision N/A
  0:00:00.000     1M / 19M   INFO    General                 (main.cpp                  : 103)   Maximum k-mer length: 128
  0:00:00.000     1M / 19M   INFO    General                 (main.cpp                  : 104)   Assembling dataset ("/workspaces/Bioinfo_PPGSis_2026.1/1_dados/1.brutos/aula_04/spades/dataset.info") with K=21
  0:00:00.000     1M / 19M   INFO    General                 (main.cpp                  : 105)   Maximum # of threads to use (adjusted due to OMP capabilities): 2
  0:00:00.000     1M / 19M   INFO    General                 (pipeline.cpp              : 221)   SPAdes started
  0:00:00.000     1M / 19M   INFO    General                 (pipeline.cpp              : 234)   Starting from stage: read_conversion
  0:00:00.000     1M / 19M   INFO    General                 (pipeline.cpp              : 245)   Two-step repeat resolution disabled
  0:00:00.065     1M / 19M   INFO   GraphCore                (graph_core.hpp            : 582)   Graph created, vertex min_id: 3, edge min_id: 3
  0:00:00.065     1M / 19M   INFO   GraphCore                (graph_core.hpp            : 583)   Vertex size: 48, edge size: 40
  0:00:00.069     1M / 19M   INFO    General                 (edge_index.hpp            : 132)   Size of edge index entries: 12/8
  0:00:00.071     1M / 19M   INFO   StageManager             (stage.cpp                 : 210)   STAGE == Binary Read Conversion (id: read_conversion)
  0:00:00.073     1M / 19M   INFO    General                 (read_converter.cpp        :  78)   Converting reads to binary format for library #0 (takes a while)
  0:00:00.073     1M / 19M   INFO    General                 (read_converter.cpp        :  99)   Converting paired reads
  0:00:01.009    81M / 136M  INFO    General                 (binary_converter.cpp      : 127)   16384 reads processed
  0:00:01.024    81M / 136M  INFO    General                 (binary_converter.cpp      : 127)   32768 reads processed
  0:00:01.065    81M / 140M  INFO    General                 (binary_converter.cpp      : 127)   65536 reads processed
  0:00:01.454    81M / 151M  INFO    General                 (binary_converter.cpp      : 127)   131072 reads processed
  0:00:01.880    58M / 151M  INFO    General                 (binary_converter.cpp      : 143)   152824 reads written
  0:00:01.895     0M / 151M  INFO    General                 (read_converter.cpp        : 113)   Converting single reads
  0:00:01.904    25M / 151M  INFO    General                 (binary_converter.cpp      : 143)   12 reads written
  0:00:01.905    12M / 151M  INFO    General                 (read_converter.cpp        : 119)   Converting merged reads
  0:00:01.906    25M / 151M  INFO    General                 (binary_converter.cpp      : 143)   0 reads written
  0:00:02.579     1M / 151M  INFO   StageManager             (stage.cpp                 : 210)   STAGE == de Bruijn graph construction (id: construction)
  0:00:02.587     1M / 151M  INFO    General                 (construction.cpp          : 150)   Max read length 251
  0:00:02.587     1M / 151M  INFO    General                 (construction.cpp          : 156)   Average read length 220.665
  0:00:02.587     1M / 151M  INFO    General                 (stage.cpp                 : 120)   PROCEDURE == k+1-mer counting (id: construction:kpomer_counting)
  0:00:02.587     1M / 151M  INFO    General                 (kmer_index_builder.hpp    : 308)   Splitting kmer instances into 20 files using 2 threads. This might take a while.
  0:00:02.588     1M / 151M  INFO    General                 (file_limit.hpp            :  43)   Open file limit set to 524288
  0:00:02.588     1M / 151M  INFO    General                 (kmer_splitter.hpp         :  96)   Memory available for splitting buffers: 1.16664 Gb
  0:00:02.588     1M / 151M  INFO    General                 (kmer_splitter.hpp         : 104)   Using cell size of 3355443
  0:00:06.281  1161M / 1161M INFO    General                 (kmer_splitters.hpp        : 128)   Processed 611320 reads
  0:00:06.282     1M / 592M  INFO    General                 (kmer_splitters.hpp        : 134)   Used 611320 reads
  0:00:06.312     1M / 592M  INFO    General                 (kmer_index_builder.hpp    : 314)   Starting k-mer counting.
  0:00:06.318     1M / 592M  INFO    General                 (kmer_index_builder.hpp    : 325)   K-mer counting done. There are 112003 kmers in total.
  0:00:06.318     1M / 592M  INFO    General                 (stage.cpp                 : 120)   PROCEDURE == Extension index construction (id: construction:extension_index_construction)
  0:00:06.319     1M / 592M  INFO   K-mer Index Building     (kmer_index_builder.hpp    : 503)   Building kmer index
  0:00:06.319     1M / 592M  INFO    General                 (kmer_index_builder.hpp    : 308)   Splitting kmer instances into 20 files using 2 threads. This might take a while.
  0:00:06.322     1M / 592M  INFO    General                 (file_limit.hpp            :  43)   Open file limit set to 524288
  0:00:06.323     1M / 592M  INFO    General                 (kmer_splitter.hpp         :  96)   Memory available for splitting buffers: 1.16663 Gb
  0:00:06.323     1M / 592M  INFO    General                 (kmer_splitter.hpp         : 104)   Using cell size of 3355443
  0:00:06.354  1161M / 1161M INFO    General                 (kmer_splitters.hpp        : 197)   Processed 112003 kmers
  0:00:06.354  1161M / 1161M INFO    General                 (kmer_splitters.hpp        : 202)   Used 112003 kmers.
  0:00:06.354     1M / 592M  INFO    General                 (kmer_index_builder.hpp    : 314)   Starting k-mer counting.
  0:00:06.360     1M / 592M  INFO    General                 (kmer_index_builder.hpp    : 325)   K-mer counting done. There are 108881 kmers in total.
  0:00:06.360     1M / 592M  INFO   K-mer Index Building     (kmer_index_builder.hpp    : 460)   Building perfect hash indices
  0:00:06.376     1M / 592M  INFO   K-mer Index Building     (kmer_index_builder.hpp    : 496)   Index built. Total 108881 kmers, 93856 bytes occupied (6.89604 bits per kmer).
  0:00:06.376     1M / 592M  INFO    General                 (kmer_index_builder.hpp    : 191)   Merging final buckets.
  0:00:06.381     1M / 592M  INFO   DeBruijnExtensionIndexBu (kmer_extension_index_build: 101)   Building k-mer extensions from k+1-mers
  0:00:06.396     1M / 592M  INFO   DeBruijnExtensionIndexBu (kmer_extension_index_build: 106)   Building k-mer extensions from k+1-mers finished.
  0:00:06.396     1M / 592M  INFO    General                 (stage.cpp                 : 120)   PROCEDURE == Early tip clipping (id: construction:early_tip_clipper)
  0:00:06.396     1M / 592M  INFO    General                 (construction.cpp          : 298)   Early tip clipper length bound set as (RL - K)
  0:00:06.396     1M / 592M  INFO   Early tip clipping       (early_simplification.hpp  :  48)   Early tip clipping
  0:00:06.417     1M / 592M  INFO   Early tip clipping       (early_simplification.hpp  :  83)   #tipped junctions: 2885
  0:00:06.418     1M / 592M  INFO   Early tip clipping       (early_simplification.hpp  :  94)   Clipped tips: 2965
  0:00:06.418     1M / 592M  INFO   Early tip clipping       (early_simplification.hpp  :  50)   14881 22-mers were removed by early tip clipper
  0:00:06.418     1M / 592M  INFO    General                 (stage.cpp                 : 120)   PROCEDURE == Condensing graph (id: construction:graph_condensing)
  0:00:06.419     1M / 592M  INFO   UnbranchingPathExtractor (debruijn_graph_constructor: 324)   Extracting unbranching paths
  0:00:06.438     1M / 592M  INFO   UnbranchingPathExtractor (debruijn_graph_constructor: 348)   Extracting unbranching paths finished. 9100 sequences extracted
  0:00:06.454     1M / 592M  INFO   UnbranchingPathExtractor (debruijn_graph_constructor: 362)   Collecting perfect loops
  0:00:06.463     1M / 592M  INFO   UnbranchingPathExtractor (debruijn_graph_constructor: 395)   Collecting perfect loops finished. 0 loops collected
  0:00:06.464     1M / 592M  INFO   DeBruijnGraphConstructor (debruijn_graph_constructor: 597)   Sorting edges...
  0:00:06.467     1M / 592M  INFO   DeBruijnGraphConstructor (debruijn_graph_constructor: 602)   Edges sorted
  0:00:06.467     1M / 592M  INFO    General                 (debruijn_graph_constructor: 511)   Total 18200 edges to create
  0:00:06.469     2M / 592M  INFO    General                 (debruijn_graph_constructor: 514)   Collecting link records
  0:00:06.475     2M / 592M  INFO    General                 (debruijn_graph_constructor: 521)   Total short graph edges: 17992
  0:00:06.475     2M / 592M  INFO    General                 (debruijn_graph_constructor: 523)   Ordering link records
  0:00:06.481     2M / 592M  INFO    General                 (debruijn_graph_constructor: 529)   Sorting done
  0:00:06.481     2M / 592M  INFO    General                 (debruijn_graph_constructor: 542)   Sorting LinkRecords...
  0:00:06.486     2M / 592M  INFO    General                 (debruijn_graph_constructor: 548)   LinkRecords sorted
  0:00:06.486     2M / 592M  INFO    General                 (debruijn_graph_constructor: 550)   Total 5978 vertices to create
  0:00:06.488     3M / 592M  INFO    General                 (debruijn_graph_constructor: 553)   Connecting the graph
  0:00:06.493     2M / 592M  INFO    General                 (stage.cpp                 : 120)   PROCEDURE == Filling coverage indices (PHM) (id: construction:coverage_filling_phm)
  0:00:06.493     2M / 592M  INFO   K-mer Index Building     (kmer_index_builder.hpp    : 460)   Building perfect hash indices
  0:00:06.514     2M / 592M  INFO   K-mer Index Building     (kmer_index_builder.hpp    : 496)   Index built. Total 112003 kmers, 96056 bytes occupied (6.86096 bits per kmer).
  0:00:06.520     3M / 592M  INFO    General                 (coverage_hash_map_builder.:  49)   Collecting k-mer coverage information from reads, this takes a while.
  0:00:09.549     3M / 592M  INFO    General                 (construction.cpp          : 400)   Filling coverage and flanking coverage from PHM
  0:00:09.563     3M / 592M  INFO    General                 (coverage_filling.hpp      :  83)   Processed 18197 edges
  0:00:09.567     2M / 592M  INFO   StageManager             (stage.cpp                 : 210)   STAGE == EC Threshold Finding (id: ec_threshold_finder)
  0:00:09.568     2M / 592M  INFO    General                 (kmer_coverage_model.cpp   : 182)   Kmer coverage valley at: 14
  0:00:09.569     2M / 592M  INFO    General                 (kmer_coverage_model.cpp   : 202)   K-mer histogram maximum: 17
  0:00:09.569     2M / 592M  INFO    General                 (kmer_coverage_model.cpp   : 238)   Estimated median coverage: 18. Coverage mad: 2.9652
  0:00:09.569     2M / 592M  INFO    General                 (kmer_coverage_model.cpp   : 260)   Fitting coverage model
  0:00:09.601     2M / 592M  INFO    General                 (kmer_coverage_model.cpp   : 296)   ... iteration 2
  0:00:09.676     2M / 592M  INFO    General                 (kmer_coverage_model.cpp   : 296)   ... iteration 4
  0:00:09.936     2M / 592M  INFO    General                 (kmer_coverage_model.cpp   : 296)   ... iteration 8
  0:00:10.413     2M / 592M  INFO    General                 (kmer_coverage_model.cpp   : 296)   ... iteration 16
  0:00:11.096     2M / 592M  INFO    General                 (kmer_coverage_model.cpp   : 310)   Fitted mean coverage: 5.00829. Fitted coverage std. dev: 5.03483
  0:00:11.096     2M / 592M  WARN    General                 (kmer_coverage_model.cpp   : 328)   Valley value was estimated improperly, reset to 4
  0:00:11.097     2M / 592M  INFO    General                 (kmer_coverage_model.cpp   : 335)   Probability of erroneous kmer at valley: 0.144241
  0:00:11.097     2M / 592M  INFO    General                 (kmer_coverage_model.cpp   : 359)   Preliminary threshold calculated as: 7
  0:00:11.097     2M / 592M  INFO    General                 (kmer_coverage_model.cpp   : 363)   Threshold adjusted to: 4
  0:00:11.097     2M / 592M  INFO    General                 (kmer_coverage_model.cpp   : 376)   Estimated genome size (ignoring repeats): 8605
  0:00:11.098     2M / 592M  INFO    General                 (genomic_info_filler.cpp   :  56)   Mean coverage was calculated as 5.00829
  0:00:11.098     2M / 592M  INFO    General                 (genomic_info_filler.cpp   :  71)   EC coverage threshold value was calculated as 4
  0:00:11.099     2M / 592M  INFO    General                 (genomic_info_filler.cpp   :  72)   Trusted kmer low bound: 90.4833
  0:00:11.099     2M / 592M  INFO   StageManager             (stage.cpp                 : 210)   STAGE == Raw Simplification (id: raw_simplification)
  0:00:11.099     2M / 592M  INFO    General                 (simplification.cpp        : 129)   PROCEDURE == Initial cleaning
  0:00:11.099     2M / 592M  INFO    General                 (simplification.cpp        :  68)   Most init cleaning disabled since detected mean 5.00829 was less than activation coverage 10
  0:00:11.100     2M / 592M  INFO   Simplification           (parallel_processing.hpp   : 168)   Running Self conjugate edge remover
  0:00:11.100     2M / 592M  INFO   Simplification           (parallel_processing.hpp   : 171)   Self conjugate edge remover triggered 0 times
  0:00:11.101     2M / 592M  INFO   StageManager             (stage.cpp                 : 210)   STAGE == Simplification (id: simplification)
  0:00:11.101     2M / 592M  INFO    General                 (simplification.cpp        : 397)   Graph simplification started
  0:00:11.101     2M / 592M  INFO    General                 (graph_simplification.hpp  : 646)   Creating parallel br instance
  0:00:11.101     2M / 592M  INFO    General                 (simplification.cpp        : 402)   PROCEDURE == Simplification cycle, iteration 1
  0:00:11.101     2M / 592M  INFO   Simplification           (parallel_processing.hpp   : 168)   Running Tip clipper
  0:00:11.102     2M / 592M  INFO   Simplification           (parallel_processing.hpp   : 171)   Tip clipper triggered 74 times
  0:00:11.103     2M / 592M  INFO   Simplification           (parallel_processing.hpp   : 168)   Running Bulge remover
  0:00:11.141     2M / 592M  INFO   Simplification           (parallel_processing.hpp   : 171)   Bulge remover triggered 2204 times
  0:00:11.141     2M / 592M  INFO   Simplification           (parallel_processing.hpp   : 168)   Running Low coverage edge remover
  0:00:11.142     2M / 592M  INFO   Simplification           (parallel_processing.hpp   : 171)   Low coverage edge remover triggered 0 times
  0:00:11.142     2M / 592M  INFO    General                 (simplification.cpp        : 402)   PROCEDURE == Simplification cycle, iteration 2
  0:00:11.142     2M / 592M  INFO   Simplification           (parallel_processing.hpp   : 168)   Running Tip clipper
  0:00:11.143     2M / 592M  INFO   Simplification           (parallel_processing.hpp   : 171)   Tip clipper triggered 2 times
  0:00:11.143     2M / 592M  INFO   Simplification           (parallel_processing.hpp   : 168)   Running Bulge remover
  0:00:11.143     2M / 592M  INFO   Simplification           (parallel_processing.hpp   : 171)   Bulge remover triggered 0 times
  0:00:11.143     2M / 592M  INFO   Simplification           (parallel_processing.hpp   : 168)   Running Low coverage edge remover
  0:00:11.143     2M / 592M  INFO   Simplification           (parallel_processing.hpp   : 171)   Low coverage edge remover triggered 0 times
  0:00:11.143     2M / 592M  INFO    General                 (simplification.cpp        : 402)   PROCEDURE == Simplification cycle, iteration 3
  0:00:11.143     2M / 592M  INFO   Simplification           (parallel_processing.hpp   : 168)   Running Tip clipper
  0:00:11.143     2M / 592M  INFO   Simplification           (parallel_processing.hpp   : 171)   Tip clipper triggered 0 times
  0:00:11.143     2M / 592M  INFO   Simplification           (parallel_processing.hpp   : 168)   Running Bulge remover
  0:00:11.143     2M / 592M  INFO   Simplification           (parallel_processing.hpp   : 171)   Bulge remover triggered 0 times
  0:00:11.143     2M / 592M  INFO   Simplification           (parallel_processing.hpp   : 168)   Running Low coverage edge remover
  0:00:11.146     2M / 592M  INFO   Simplification           (parallel_processing.hpp   : 171)   Low coverage edge remover triggered 441 times
  0:00:11.146     2M / 592M  INFO    General                 (simplification.cpp        : 402)   PROCEDURE == Simplification cycle, iteration 4
  0:00:11.146     2M / 592M  INFO   Simplification           (parallel_processing.hpp   : 168)   Running Tip clipper
  0:00:11.147     2M / 592M  INFO   Simplification           (parallel_processing.hpp   : 171)   Tip clipper triggered 0 times
  0:00:11.147     2M / 592M  INFO   Simplification           (parallel_processing.hpp   : 168)   Running Bulge remover
  0:00:11.149     2M / 592M  INFO   Simplification           (parallel_processing.hpp   : 171)   Bulge remover triggered 89 times
  0:00:11.149     2M / 592M  INFO   Simplification           (parallel_processing.hpp   : 168)   Running Low coverage edge remover
  0:00:11.150     2M / 592M  INFO   Simplification           (parallel_processing.hpp   : 171)   Low coverage edge remover triggered 31 times
  0:00:11.150     2M / 592M  INFO    General                 (simplification.cpp        : 402)   PROCEDURE == Simplification cycle, iteration 5
  0:00:11.150     2M / 592M  INFO   Simplification           (parallel_processing.hpp   : 168)   Running Tip clipper
  0:00:11.150     2M / 592M  INFO   Simplification           (parallel_processing.hpp   : 171)   Tip clipper triggered 0 times
  0:00:11.150     2M / 592M  INFO   Simplification           (parallel_processing.hpp   : 168)   Running Bulge remover
  0:00:11.150     2M / 592M  INFO   Simplification           (parallel_processing.hpp   : 171)   Bulge remover triggered 7 times
  0:00:11.154     2M / 592M  INFO   Simplification           (parallel_processing.hpp   : 168)   Running Low coverage edge remover
  0:00:11.155     2M / 592M  INFO   Simplification           (parallel_processing.hpp   : 171)   Low coverage edge remover triggered 149 times
  0:00:11.155     2M / 592M  INFO    General                 (simplification.cpp        : 402)   PROCEDURE == Simplification cycle, iteration 6
  0:00:11.157     2M / 592M  INFO   Simplification           (parallel_processing.hpp   : 168)   Running Tip clipper
  0:00:11.157     2M / 592M  INFO   Simplification           (parallel_processing.hpp   : 171)   Tip clipper triggered 0 times
  0:00:11.158     2M / 592M  INFO   Simplification           (parallel_processing.hpp   : 168)   Running Bulge remover
  0:00:11.159     2M / 592M  INFO   Simplification           (parallel_processing.hpp   : 171)   Bulge remover triggered 38 times
  0:00:11.159     2M / 592M  INFO   Simplification           (parallel_processing.hpp   : 168)   Running Low coverage edge remover
  0:00:11.160     2M / 592M  INFO   Simplification           (parallel_processing.hpp   : 171)   Low coverage edge remover triggered 64 times
  0:00:11.160     2M / 592M  INFO    General                 (simplification.cpp        : 402)   PROCEDURE == Simplification cycle, iteration 7
  0:00:11.160     2M / 592M  INFO   Simplification           (parallel_processing.hpp   : 168)   Running Tip clipper
  0:00:11.161     2M / 592M  INFO   Simplification           (parallel_processing.hpp   : 171)   Tip clipper triggered 0 times
  0:00:11.161     2M / 592M  INFO   Simplification           (parallel_processing.hpp   : 168)   Running Bulge remover
  0:00:11.161     2M / 592M  INFO   Simplification           (parallel_processing.hpp   : 171)   Bulge remover triggered 6 times
  0:00:11.161     2M / 592M  INFO   Simplification           (parallel_processing.hpp   : 168)   Running Low coverage edge remover
  0:00:11.161     2M / 592M  INFO   Simplification           (parallel_processing.hpp   : 171)   Low coverage edge remover triggered 11 times
  0:00:11.161     2M / 592M  INFO    General                 (simplification.cpp        : 402)   PROCEDURE == Simplification cycle, iteration 8
  0:00:11.161     2M / 592M  INFO   Simplification           (parallel_processing.hpp   : 168)   Running Tip clipper
  0:00:11.161     2M / 592M  INFO   Simplification           (parallel_processing.hpp   : 171)   Tip clipper triggered 0 times
  0:00:11.161     2M / 592M  INFO   Simplification           (parallel_processing.hpp   : 168)   Running Bulge remover
  0:00:11.161     2M / 592M  INFO   Simplification           (parallel_processing.hpp   : 171)   Bulge remover triggered 1 times
  0:00:11.161     2M / 592M  INFO   Simplification           (parallel_processing.hpp   : 168)   Running Low coverage edge remover
  0:00:11.162     2M / 592M  INFO   Simplification           (parallel_processing.hpp   : 171)   Low coverage edge remover triggered 28 times
  0:00:11.162     2M / 592M  INFO    General                 (simplification.cpp        : 402)   PROCEDURE == Simplification cycle, iteration 9
  0:00:11.165     2M / 592M  INFO   Simplification           (parallel_processing.hpp   : 168)   Running Tip clipper
  0:00:11.165     2M / 592M  INFO   Simplification           (parallel_processing.hpp   : 171)   Tip clipper triggered 0 times
  0:00:11.165     2M / 592M  INFO   Simplification           (parallel_processing.hpp   : 168)   Running Bulge remover
  0:00:11.166     2M / 592M  INFO   Simplification           (parallel_processing.hpp   : 171)   Bulge remover triggered 3 times
  0:00:11.166     2M / 592M  INFO   Simplification           (parallel_processing.hpp   : 168)   Running Low coverage edge remover
  0:00:11.166     2M / 592M  INFO   Simplification           (parallel_processing.hpp   : 171)   Low coverage edge remover triggered 7 times
  0:00:11.166     2M / 592M  INFO    General                 (simplification.cpp        : 402)   PROCEDURE == Simplification cycle, iteration 10
  0:00:11.166     2M / 592M  INFO   Simplification           (parallel_processing.hpp   : 168)   Running Tip clipper
  0:00:11.166     2M / 592M  INFO   Simplification           (parallel_processing.hpp   : 171)   Tip clipper triggered 0 times
  0:00:11.166     2M / 592M  INFO   Simplification           (parallel_processing.hpp   : 168)   Running Bulge remover
  0:00:11.166     2M / 592M  INFO   Simplification           (parallel_processing.hpp   : 171)   Bulge remover triggered 0 times
  0:00:11.166     2M / 592M  INFO   Simplification           (parallel_processing.hpp   : 168)   Running Low coverage edge remover
  0:00:11.166     2M / 592M  INFO   Simplification           (parallel_processing.hpp   : 171)   Low coverage edge remover triggered 6 times
  0:00:11.167     2M / 592M  INFO    General                 (simplification.cpp        : 402)   PROCEDURE == Simplification cycle, iteration 11
  0:00:11.168     2M / 592M  INFO   Simplification           (parallel_processing.hpp   : 168)   Running Tip clipper
  0:00:11.168     2M / 592M  INFO   Simplification           (parallel_processing.hpp   : 171)   Tip clipper triggered 0 times
  0:00:11.168     2M / 592M  INFO   Simplification           (parallel_processing.hpp   : 168)   Running Bulge remover
  0:00:11.168     2M / 592M  INFO   Simplification           (parallel_processing.hpp   : 171)   Bulge remover triggered 1 times
  0:00:11.168     2M / 592M  INFO   Simplification           (parallel_processing.hpp   : 168)   Running Low coverage edge remover
  0:00:11.168     2M / 592M  INFO   Simplification           (parallel_processing.hpp   : 171)   Low coverage edge remover triggered 0 times
  0:00:11.168     2M / 592M  INFO    General                 (simplification.cpp        : 402)   PROCEDURE == Simplification cycle, iteration 12
  0:00:11.168     2M / 592M  INFO   Simplification           (parallel_processing.hpp   : 168)   Running Tip clipper
  0:00:11.169     2M / 592M  INFO   Simplification           (parallel_processing.hpp   : 171)   Tip clipper triggered 0 times
  0:00:11.169     2M / 592M  INFO   Simplification           (parallel_processing.hpp   : 168)   Running Bulge remover
  0:00:11.169     2M / 592M  INFO   Simplification           (parallel_processing.hpp   : 171)   Bulge remover triggered 0 times
  0:00:11.169     2M / 592M  INFO   Simplification           (parallel_processing.hpp   : 168)   Running Low coverage edge remover
  0:00:11.170     2M / 592M  INFO   Simplification           (parallel_processing.hpp   : 171)   Low coverage edge remover triggered 0 times
  0:00:11.170     2M / 592M  INFO   StageManager             (stage.cpp                 : 210)   STAGE == Simplification Cleanup (id: simplification_cleanup)
  0:00:11.170     2M / 592M  INFO    General                 (simplification.cpp        : 189)   PROCEDURE == Post simplification
  0:00:11.171     2M / 592M  INFO    General                 (graph_simplification.hpp  : 455)   Disconnection of relatively low covered edges disabled
  0:00:11.171     2M / 592M  INFO    General                 (graph_simplification.hpp  : 494)   Complex tip clipping disabled
  0:00:11.171     2M / 592M  INFO    General                 (graph_simplification.hpp  : 646)   Creating parallel br instance
  0:00:11.171     2M / 592M  INFO   Simplification           (parallel_processing.hpp   : 168)   Running Tip clipper
  0:00:11.171     2M / 592M  INFO   Simplification           (parallel_processing.hpp   : 171)   Tip clipper triggered 0 times
  0:00:11.171     2M / 592M  INFO   Simplification           (parallel_processing.hpp   : 168)   Running Bulge remover
  0:00:11.171     2M / 592M  INFO   Simplification           (parallel_processing.hpp   : 171)   Bulge remover triggered 0 times
  0:00:11.171     2M / 592M  INFO   Simplification           (parallel_processing.hpp   : 168)   Running Tip clipper
  0:00:11.171     2M / 592M  INFO   Simplification           (parallel_processing.hpp   : 171)   Tip clipper triggered 0 times
  0:00:11.171     2M / 592M  INFO   Simplification           (parallel_processing.hpp   : 168)   Running Bulge remover
  0:00:11.172     2M / 592M  INFO   Simplification           (parallel_processing.hpp   : 171)   Bulge remover triggered 0 times
  0:00:11.173     2M / 592M  INFO    General                 (simplification.cpp        : 348)   Disrupting self-conjugate edges
  0:00:11.174     2M / 592M  INFO   Simplification           (parallel_processing.hpp   : 168)   Running Removing isolated edges
  0:00:11.174     2M / 592M  INFO   Simplification           (parallel_processing.hpp   : 171)   Removing isolated edges triggered 13 times
  0:00:11.174     2M / 592M  INFO    General                 (simplification.cpp        : 358)   Removing all the edges having coverage 90.4833 and less
  0:00:11.176     2M / 592M  INFO    General                 (simplification.cpp        : 508)   After simplification:
  0:00:11.183     2M / 592M  INFO    General                 (simplification.cpp        : 509)     Average coverage = 2040.88
  0:00:11.184     2M / 592M  INFO    General                 (simplification.cpp        : 510)     Total length = 29876
  0:00:11.184     2M / 592M  INFO    General                 (simplification.cpp        : 511)     Median edge length: 16652
  0:00:11.184     2M / 592M  INFO    General                 (simplification.cpp        : 512)     Edges: 18
  0:00:11.184     2M / 592M  INFO    General                 (simplification.cpp        : 513)     Vertices: 14
  0:00:11.184     2M / 592M  INFO   StageManager             (stage.cpp                 : 210)   STAGE == Contig Output (id: contig_output)
  0:00:11.185     2M / 592M  INFO    General                 (read_converter.cpp        : 135)   Outputting contigs to "/workspaces/Bioinfo_PPGSis_2026.1/1_dados/1.brutos/aula_04/spades/K21/simplified_contigs"
  0:00:11.186     5M / 592M  INFO    General                 (binary_converter.cpp      : 143)   9 reads written
  0:00:11.186     2M / 592M  INFO    General                 (pipeline.cpp              : 305)   SPAdes finished
  0:00:11.187     1M / 592M  INFO    General                 (main.cpp                  : 131)   Assembling time: 0 hours 0 minutes 11 seconds

===== K21 finished. 


===== K33 started. 


== Running: /home/vscode/miniforge3/envs/bioinfo/bin/spades-core /workspaces/Bioinfo_PPGSis_2026.1/1_dados/1.brutos/aula_04/spades/K33/configs/config.info

  0:00:00.000     1M / 19M   INFO    General                 (main.cpp                  :  94)   Loaded config from "/workspaces/Bioinfo_PPGSis_2026.1/1_dados/1.brutos/aula_04/spades/K33/configs/config.info"
  0:00:00.000     1M / 19M   INFO    General                 (memory_limit.cpp          :  55)   Memory limit set to 7 Gb
  0:00:00.000     1M / 19M   INFO    General                 (main.cpp                  : 102)   Starting SPAdes, built from N/A, git revision N/A
  0:00:00.000     1M / 19M   INFO    General                 (main.cpp                  : 103)   Maximum k-mer length: 128
  0:00:00.000     1M / 19M   INFO    General                 (main.cpp                  : 104)   Assembling dataset ("/workspaces/Bioinfo_PPGSis_2026.1/1_dados/1.brutos/aula_04/spades/dataset.info") with K=33
  0:00:00.000     1M / 19M   INFO    General                 (main.cpp                  : 105)   Maximum # of threads to use (adjusted due to OMP capabilities): 2
  0:00:00.000     1M / 19M   INFO    General                 (pipeline.cpp              : 221)   SPAdes started
  0:00:00.000     1M / 19M   INFO    General                 (pipeline.cpp              : 234)   Starting from stage: read_conversion
  0:00:00.000     1M / 19M   INFO    General                 (pipeline.cpp              : 245)   Two-step repeat resolution disabled
  0:00:00.000     1M / 19M   INFO   GraphCore                (graph_core.hpp            : 582)   Graph created, vertex min_id: 3, edge min_id: 3
  0:00:00.000     1M / 19M   INFO   GraphCore                (graph_core.hpp            : 583)   Vertex size: 48, edge size: 40
  0:00:00.000     1M / 19M   INFO    General                 (edge_index.hpp            : 132)   Size of edge index entries: 12/8
  0:00:00.000     1M / 19M   INFO   StageManager             (stage.cpp                 : 210)   STAGE == Binary Read Conversion (id: read_conversion)
  0:00:00.001     1M / 19M   INFO    General                 (read_converter.cpp        :  57)   Binary reads detected
  0:00:00.337     1M / 19M   INFO   StageManager             (stage.cpp                 : 210)   STAGE == de Bruijn graph construction (id: construction)
  0:00:00.337     1M / 19M   INFO    General                 (construction.cpp          : 115)   Contigs from previous K will be used: /workspaces/Bioinfo_PPGSis_2026.1/1_dados/1.brutos/aula_04/spades/K21/simplified_contigs
  0:00:00.342     1M / 19M   INFO    General                 (construction.cpp          : 150)   Max read length 251
  0:00:00.344     1M / 19M   INFO    General                 (construction.cpp          : 156)   Average read length 220.665
  0:00:00.345     1M / 19M   INFO    General                 (stage.cpp                 : 120)   PROCEDURE == k+1-mer counting (id: construction:kpomer_counting)
  0:00:00.346     1M / 19M   INFO    General                 (kmer_index_builder.hpp    : 308)   Splitting kmer instances into 20 files using 2 threads. This might take a while.
  0:00:00.352     1M / 19M   INFO    General                 (file_limit.hpp            :  43)   Open file limit set to 524288
  0:00:00.355     1M / 19M   INFO    General                 (kmer_splitter.hpp         :  96)   Memory available for splitting buffers: 1.16664 Gb
  0:00:00.355     1M / 19M   INFO    General                 (kmer_splitter.hpp         : 104)   Using cell size of 1677721
  0:00:04.975  1161M / 1161M INFO    General                 (kmer_splitters.hpp        : 128)   Processed 611338 reads
  0:00:04.976     1M / 1003M INFO    General                 (kmer_splitters.hpp        : 134)   Used 611338 reads
  0:00:05.045     1M / 1003M INFO    General                 (kmer_index_builder.hpp    : 314)   Starting k-mer counting.
  0:00:05.055     1M / 1003M INFO    General                 (kmer_index_builder.hpp    : 325)   K-mer counting done. There are 145976 kmers in total.
  0:00:05.055     1M / 1003M INFO    General                 (stage.cpp                 : 120)   PROCEDURE == Extension index construction (id: construction:extension_index_construction)
  0:00:05.056     1M / 1003M INFO   K-mer Index Building     (kmer_index_builder.hpp    : 503)   Building kmer index
  0:00:05.056     1M / 1003M INFO    General                 (kmer_index_builder.hpp    : 308)   Splitting kmer instances into 20 files using 2 threads. This might take a while.
  0:00:05.057     1M / 1003M INFO    General                 (file_limit.hpp            :  43)   Open file limit set to 524288
  0:00:05.058     1M / 1003M INFO    General                 (kmer_splitter.hpp         :  96)   Memory available for splitting buffers: 1.16662 Gb
  0:00:05.058     1M / 1003M INFO    General                 (kmer_splitter.hpp         : 104)   Using cell size of 1677721
  0:00:05.098  1161M / 1161M INFO    General                 (kmer_splitters.hpp        : 197)   Processed 145976 kmers
  0:00:05.098  1161M / 1161M INFO    General                 (kmer_splitters.hpp        : 202)   Used 145976 kmers.
  0:00:05.098     1M / 1003M INFO    General                 (kmer_index_builder.hpp    : 314)   Starting k-mer counting.
  0:00:05.106     1M / 1003M INFO    General                 (kmer_index_builder.hpp    : 325)   K-mer counting done. There are 143343 kmers in total.
  0:00:05.107     1M / 1003M INFO   K-mer Index Building     (kmer_index_builder.hpp    : 460)   Building perfect hash indices
  0:00:05.122     1M / 1003M INFO   K-mer Index Building     (kmer_index_builder.hpp    : 496)   Index built. Total 143343 kmers, 118696 bytes occupied (6.62445 bits per kmer).
  0:00:05.122     1M / 1003M INFO    General                 (kmer_index_builder.hpp    : 191)   Merging final buckets.
  0:00:05.132     1M / 1003M INFO   DeBruijnExtensionIndexBu (kmer_extension_index_build: 101)   Building k-mer extensions from k+1-mers
  0:00:05.153     1M / 1003M INFO   DeBruijnExtensionIndexBu (kmer_extension_index_build: 106)   Building k-mer extensions from k+1-mers finished.
  0:00:05.154     1M / 1003M INFO    General                 (stage.cpp                 : 120)   PROCEDURE == Early tip clipping (id: construction:early_tip_clipper)
  0:00:05.154     1M / 1003M INFO    General                 (construction.cpp          : 298)   Early tip clipper length bound set as (RL - K)
  0:00:05.154     1M / 1003M INFO   Early tip clipping       (early_simplification.hpp  :  48)   Early tip clipping
  0:00:05.182     1M / 1003M INFO   Early tip clipping       (early_simplification.hpp  :  83)   #tipped junctions: 3291
  0:00:05.183     1M / 1003M INFO   Early tip clipping       (early_simplification.hpp  :  94)   Clipped tips: 3391
  0:00:05.183     1M / 1003M INFO   Early tip clipping       (early_simplification.hpp  :  50)   25194 34-mers were removed by early tip clipper
  0:00:05.183     1M / 1003M INFO    General                 (stage.cpp                 : 120)   PROCEDURE == Condensing graph (id: construction:graph_condensing)
  0:00:05.183     1M / 1003M INFO   UnbranchingPathExtractor (debruijn_graph_constructor: 324)   Extracting unbranching paths
  0:00:05.210     1M / 1003M INFO   UnbranchingPathExtractor (debruijn_graph_constructor: 348)   Extracting unbranching paths finished. 7882 sequences extracted
  0:00:05.226     1M / 1003M INFO   UnbranchingPathExtractor (debruijn_graph_constructor: 362)   Collecting perfect loops
  0:00:05.234     1M / 1003M INFO   UnbranchingPathExtractor (debruijn_graph_constructor: 395)   Collecting perfect loops finished. 0 loops collected
  0:00:05.235     1M / 1003M INFO   DeBruijnGraphConstructor (debruijn_graph_constructor: 597)   Sorting edges...
  0:00:05.236     1M / 1003M INFO   DeBruijnGraphConstructor (debruijn_graph_constructor: 602)   Edges sorted
  0:00:05.236     1M / 1003M INFO    General                 (debruijn_graph_constructor: 511)   Total 15764 edges to create
  0:00:05.237     2M / 1003M INFO    General                 (debruijn_graph_constructor: 514)   Collecting link records
  0:00:05.240     2M / 1003M INFO    General                 (debruijn_graph_constructor: 521)   Total short graph edges: 10346
  0:00:05.240     2M / 1003M INFO    General                 (debruijn_graph_constructor: 523)   Ordering link records
  0:00:05.243     2M / 1003M INFO    General                 (debruijn_graph_constructor: 529)   Sorting done
  0:00:05.244     2M / 1003M INFO    General                 (debruijn_graph_constructor: 542)   Sorting LinkRecords...
  0:00:05.244     2M / 1003M INFO    General                 (debruijn_graph_constructor: 548)   LinkRecords sorted
  0:00:05.245     2M / 1003M INFO    General                 (debruijn_graph_constructor: 550)   Total 5249 vertices to create
  0:00:05.246     3M / 1003M INFO    General                 (debruijn_graph_constructor: 553)   Connecting the graph
  0:00:05.248     2M / 1003M INFO    General                 (stage.cpp                 : 120)   PROCEDURE == Filling coverage indices (PHM) (id: construction:coverage_filling_phm)
  0:00:05.248     2M / 1003M INFO   K-mer Index Building     (kmer_index_builder.hpp    : 460)   Building perfect hash indices
  0:00:05.265     2M / 1003M INFO   K-mer Index Building     (kmer_index_builder.hpp    : 496)   Index built. Total 145976 kmers, 120584 bytes occupied (6.60843 bits per kmer).
  0:00:05.265     3M / 1003M INFO    General                 (coverage_hash_map_builder.:  49)   Collecting k-mer coverage information from reads, this takes a while.
  0:00:08.216     3M / 1003M INFO    General                 (construction.cpp          : 400)   Filling coverage and flanking coverage from PHM
  0:00:08.232     3M / 1003M INFO    General                 (coverage_filling.hpp      :  83)   Processed 15762 edges
  0:00:08.236     2M / 1003M INFO   StageManager             (stage.cpp                 : 210)   STAGE == EC Threshold Finding (id: ec_threshold_finder)
  0:00:08.240     2M / 1003M INFO    General                 (kmer_coverage_model.cpp   : 182)   Kmer coverage valley at: 13
  0:00:08.241     2M / 1003M INFO    General                 (kmer_coverage_model.cpp   : 202)   K-mer histogram maximum: 17
  0:00:08.241     2M / 1003M INFO    General                 (kmer_coverage_model.cpp   : 238)   Estimated median coverage: 17. Coverage mad: 2.9652
  0:00:08.241     2M / 1003M INFO    General                 (kmer_coverage_model.cpp   : 260)   Fitting coverage model
  0:00:08.263     2M / 1003M INFO    General                 (kmer_coverage_model.cpp   : 296)   ... iteration 2
  0:00:08.324     2M / 1003M INFO    General                 (kmer_coverage_model.cpp   : 296)   ... iteration 4
  0:00:08.555     2M / 1003M INFO    General                 (kmer_coverage_model.cpp   : 296)   ... iteration 8
  0:00:09.007     2M / 1003M INFO    General                 (kmer_coverage_model.cpp   : 296)   ... iteration 16
  0:00:09.687     2M / 1003M INFO    General                 (kmer_coverage_model.cpp   : 310)   Fitted mean coverage: 5.1038. Fitted coverage std. dev: 4.82298
  0:00:09.688     2M / 1003M WARN    General                 (kmer_coverage_model.cpp   : 328)   Valley value was estimated improperly, reset to 4
  0:00:09.688     2M / 1003M INFO    General                 (kmer_coverage_model.cpp   : 335)   Probability of erroneous kmer at valley: 0.206097
  0:00:09.689     2M / 1003M INFO    General                 (kmer_coverage_model.cpp   : 359)   Preliminary threshold calculated as: 7
  0:00:09.689     2M / 1003M INFO    General                 (kmer_coverage_model.cpp   : 363)   Threshold adjusted to: 4
  0:00:09.689     2M / 1003M INFO    General                 (kmer_coverage_model.cpp   : 376)   Estimated genome size (ignoring repeats): 11927
  0:00:09.690     2M / 1003M INFO    General                 (genomic_info_filler.cpp   :  56)   Mean coverage was calculated as 5.1038
  0:00:09.690     2M / 1003M INFO    General                 (genomic_info_filler.cpp   :  71)   EC coverage threshold value was calculated as 4
  0:00:09.690     2M / 1003M INFO    General                 (genomic_info_filler.cpp   :  72)   Trusted kmer low bound: 85.0452
  0:00:09.690     2M / 1003M INFO   StageManager             (stage.cpp                 : 210)   STAGE == Raw Simplification (id: raw_simplification)
  0:00:09.690     2M / 1003M INFO    General                 (simplification.cpp        : 129)   PROCEDURE == Initial cleaning
  0:00:09.690     2M / 1003M INFO    General                 (simplification.cpp        :  68)   Most init cleaning disabled since detected mean 5.1038 was less than activation coverage 10
  0:00:09.690     2M / 1003M INFO   Simplification           (parallel_processing.hpp   : 168)   Running Self conjugate edge remover
  0:00:09.691     2M / 1003M INFO   Simplification           (parallel_processing.hpp   : 171)   Self conjugate edge remover triggered 0 times
  0:00:09.691     2M / 1003M INFO   StageManager             (stage.cpp                 : 210)   STAGE == Simplification (id: simplification)
  0:00:09.691     2M / 1003M INFO    General                 (simplification.cpp        : 397)   Graph simplification started
  0:00:09.691     2M / 1003M INFO    General                 (graph_simplification.hpp  : 646)   Creating parallel br instance
  0:00:09.691     2M / 1003M INFO    General                 (simplification.cpp        : 402)   PROCEDURE == Simplification cycle, iteration 1
  0:00:09.691     2M / 1003M INFO   Simplification           (parallel_processing.hpp   : 168)   Running Tip clipper
  0:00:09.691     2M / 1003M INFO   Simplification           (parallel_processing.hpp   : 171)   Tip clipper triggered 113 times
  0:00:09.692     2M / 1003M INFO   Simplification           (parallel_processing.hpp   : 168)   Running Bulge remover
  0:00:09.728     2M / 1003M INFO   Simplification           (parallel_processing.hpp   : 171)   Bulge remover triggered 1994 times
  0:00:09.729     2M / 1003M INFO   Simplification           (parallel_processing.hpp   : 168)   Running Low coverage edge remover
  0:00:09.729     2M / 1003M INFO   Simplification           (parallel_processing.hpp   : 171)   Low coverage edge remover triggered 0 times
  0:00:09.730     2M / 1003M INFO    General                 (simplification.cpp        : 402)   PROCEDURE == Simplification cycle, iteration 2
  0:00:09.730     2M / 1003M INFO   Simplification           (parallel_processing.hpp   : 168)   Running Tip clipper
  0:00:09.730     2M / 1003M INFO   Simplification           (parallel_processing.hpp   : 171)   Tip clipper triggered 0 times
  0:00:09.730     2M / 1003M INFO   Simplification           (parallel_processing.hpp   : 168)   Running Bulge remover
  0:00:09.730     2M / 1003M INFO   Simplification           (parallel_processing.hpp   : 171)   Bulge remover triggered 0 times
  0:00:09.730     2M / 1003M INFO   Simplification           (parallel_processing.hpp   : 168)   Running Low coverage edge remover
  0:00:09.730     2M / 1003M INFO   Simplification           (parallel_processing.hpp   : 171)   Low coverage edge remover triggered 0 times
  0:00:09.730     2M / 1003M INFO    General                 (simplification.cpp        : 402)   PROCEDURE == Simplification cycle, iteration 3
  0:00:09.730     2M / 1003M INFO   Simplification           (parallel_processing.hpp   : 168)   Running Tip clipper
  0:00:09.730     2M / 1003M INFO   Simplification           (parallel_processing.hpp   : 171)   Tip clipper triggered 0 times
  0:00:09.730     2M / 1003M INFO   Simplification           (parallel_processing.hpp   : 168)   Running Bulge remover
  0:00:09.730     2M / 1003M INFO   Simplification           (parallel_processing.hpp   : 171)   Bulge remover triggered 0 times
  0:00:09.730     2M / 1003M INFO   Simplification           (parallel_processing.hpp   : 168)   Running Low coverage edge remover
  0:00:09.734     2M / 1003M INFO   Simplification           (parallel_processing.hpp   : 171)   Low coverage edge remover triggered 291 times
  0:00:09.734     2M / 1003M INFO    General                 (simplification.cpp        : 402)   PROCEDURE == Simplification cycle, iteration 4
  0:00:09.734     2M / 1003M INFO   Simplification           (parallel_processing.hpp   : 168)   Running Tip clipper
  0:00:09.734     2M / 1003M INFO   Simplification           (parallel_processing.hpp   : 171)   Tip clipper triggered 4 times
  0:00:09.734     2M / 1003M INFO   Simplification           (parallel_processing.hpp   : 168)   Running Bulge remover
  0:00:09.737     2M / 1003M INFO   Simplification           (parallel_processing.hpp   : 171)   Bulge remover triggered 79 times
  0:00:09.738     2M / 1003M INFO   Simplification           (parallel_processing.hpp   : 168)   Running Low coverage edge remover
  0:00:09.738     2M / 1003M INFO   Simplification           (parallel_processing.hpp   : 171)   Low coverage edge remover triggered 39 times
  0:00:09.738     2M / 1003M INFO    General                 (simplification.cpp        : 402)   PROCEDURE == Simplification cycle, iteration 5
  0:00:09.738     2M / 1003M INFO   Simplification           (parallel_processing.hpp   : 168)   Running Tip clipper
  0:00:09.739     2M / 1003M INFO   Simplification           (parallel_processing.hpp   : 171)   Tip clipper triggered 1 times
  0:00:09.739     2M / 1003M INFO   Simplification           (parallel_processing.hpp   : 168)   Running Bulge remover
  0:00:09.739     2M / 1003M INFO   Simplification           (parallel_processing.hpp   : 171)   Bulge remover triggered 4 times
  0:00:09.739     2M / 1003M INFO   Simplification           (parallel_processing.hpp   : 168)   Running Low coverage edge remover
  0:00:09.739     2M / 1003M INFO   Simplification           (parallel_processing.hpp   : 171)   Low coverage edge remover triggered 102 times
  0:00:09.740     2M / 1003M INFO    General                 (simplification.cpp        : 402)   PROCEDURE == Simplification cycle, iteration 6
  0:00:09.741     2M / 1003M INFO   Simplification           (parallel_processing.hpp   : 168)   Running Tip clipper
  0:00:09.741     2M / 1003M INFO   Simplification           (parallel_processing.hpp   : 171)   Tip clipper triggered 1 times
  0:00:09.741     2M / 1003M INFO   Simplification           (parallel_processing.hpp   : 168)   Running Bulge remover
  0:00:09.742     2M / 1003M INFO   Simplification           (parallel_processing.hpp   : 171)   Bulge remover triggered 28 times
  0:00:09.743     2M / 1003M INFO   Simplification           (parallel_processing.hpp   : 168)   Running Low coverage edge remover
  0:00:09.744     2M / 1003M INFO   Simplification           (parallel_processing.hpp   : 171)   Low coverage edge remover triggered 48 times
  0:00:09.744     2M / 1003M INFO    General                 (simplification.cpp        : 402)   PROCEDURE == Simplification cycle, iteration 7
  0:00:09.744     2M / 1003M INFO   Simplification           (parallel_processing.hpp   : 168)   Running Tip clipper
  0:00:09.744     2M / 1003M INFO   Simplification           (parallel_processing.hpp   : 171)   Tip clipper triggered 0 times
  0:00:09.744     2M / 1003M INFO   Simplification           (parallel_processing.hpp   : 168)   Running Bulge remover
  0:00:09.744     2M / 1003M INFO   Simplification           (parallel_processing.hpp   : 171)   Bulge remover triggered 3 times
  0:00:09.744     2M / 1003M INFO   Simplification           (parallel_processing.hpp   : 168)   Running Low coverage edge remover
  0:00:09.744     2M / 1003M INFO   Simplification           (parallel_processing.hpp   : 171)   Low coverage edge remover triggered 9 times
  0:00:09.744     2M / 1003M INFO    General                 (simplification.cpp        : 402)   PROCEDURE == Simplification cycle, iteration 8
  0:00:09.744     2M / 1003M INFO   Simplification           (parallel_processing.hpp   : 168)   Running Tip clipper
  0:00:09.744     2M / 1003M INFO   Simplification           (parallel_processing.hpp   : 171)   Tip clipper triggered 0 times
  0:00:09.744     2M / 1003M INFO   Simplification           (parallel_processing.hpp   : 168)   Running Bulge remover
  0:00:09.744     2M / 1003M INFO   Simplification           (parallel_processing.hpp   : 171)   Bulge remover triggered 2 times
  0:00:09.745     2M / 1003M INFO   Simplification           (parallel_processing.hpp   : 168)   Running Low coverage edge remover
  0:00:09.745     2M / 1003M INFO   Simplification           (parallel_processing.hpp   : 171)   Low coverage edge remover triggered 16 times
  0:00:09.746     2M / 1003M INFO    General                 (simplification.cpp        : 402)   PROCEDURE == Simplification cycle, iteration 9
  0:00:09.746     2M / 1003M INFO   Simplification           (parallel_processing.hpp   : 168)   Running Tip clipper
  0:00:09.746     2M / 1003M INFO   Simplification           (parallel_processing.hpp   : 171)   Tip clipper triggered 1 times
  0:00:09.746     2M / 1003M INFO   Simplification           (parallel_processing.hpp   : 168)   Running Bulge remover
  0:00:09.747     2M / 1003M INFO   Simplification           (parallel_processing.hpp   : 171)   Bulge remover triggered 1 times
  0:00:09.747     2M / 1003M INFO   Simplification           (parallel_processing.hpp   : 168)   Running Low coverage edge remover
  0:00:09.749     2M / 1003M INFO   Simplification           (parallel_processing.hpp   : 171)   Low coverage edge remover triggered 2 times
  0:00:09.750     2M / 1003M INFO    General                 (simplification.cpp        : 402)   PROCEDURE == Simplification cycle, iteration 10
  0:00:09.750     2M / 1003M INFO   Simplification           (parallel_processing.hpp   : 168)   Running Tip clipper
  0:00:09.750     2M / 1003M INFO   Simplification           (parallel_processing.hpp   : 171)   Tip clipper triggered 0 times
  0:00:09.750     2M / 1003M INFO   Simplification           (parallel_processing.hpp   : 168)   Running Bulge remover
  0:00:09.750     2M / 1003M INFO   Simplification           (parallel_processing.hpp   : 171)   Bulge remover triggered 0 times
  0:00:09.750     2M / 1003M INFO   Simplification           (parallel_processing.hpp   : 168)   Running Low coverage edge remover
  0:00:09.750     2M / 1003M INFO   Simplification           (parallel_processing.hpp   : 171)   Low coverage edge remover triggered 5 times
  0:00:09.751     2M / 1003M INFO    General                 (simplification.cpp        : 402)   PROCEDURE == Simplification cycle, iteration 11
  0:00:09.751     2M / 1003M INFO   Simplification           (parallel_processing.hpp   : 168)   Running Tip clipper
  0:00:09.751     2M / 1003M INFO   Simplification           (parallel_processing.hpp   : 171)   Tip clipper triggered 1 times
  0:00:09.751     2M / 1003M INFO   Simplification           (parallel_processing.hpp   : 168)   Running Bulge remover
  0:00:09.752     2M / 1003M INFO   Simplification           (parallel_processing.hpp   : 171)   Bulge remover triggered 1 times
  0:00:09.752     2M / 1003M INFO   Simplification           (parallel_processing.hpp   : 168)   Running Low coverage edge remover
  0:00:09.752     2M / 1003M INFO   Simplification           (parallel_processing.hpp   : 171)   Low coverage edge remover triggered 0 times
  0:00:09.752     2M / 1003M INFO    General                 (simplification.cpp        : 402)   PROCEDURE == Simplification cycle, iteration 12
  0:00:09.752     2M / 1003M INFO   Simplification           (parallel_processing.hpp   : 168)   Running Tip clipper
  0:00:09.752     2M / 1003M INFO   Simplification           (parallel_processing.hpp   : 171)   Tip clipper triggered 0 times
  0:00:09.752     2M / 1003M INFO   Simplification           (parallel_processing.hpp   : 168)   Running Bulge remover
  0:00:09.752     2M / 1003M INFO   Simplification           (parallel_processing.hpp   : 171)   Bulge remover triggered 0 times
  0:00:09.752     2M / 1003M INFO   Simplification           (parallel_processing.hpp   : 168)   Running Low coverage edge remover
  0:00:09.752     2M / 1003M INFO   Simplification           (parallel_processing.hpp   : 171)   Low coverage edge remover triggered 0 times
  0:00:09.752     2M / 1003M INFO   StageManager             (stage.cpp                 : 210)   STAGE == Simplification Cleanup (id: simplification_cleanup)
  0:00:09.752     2M / 1003M INFO    General                 (simplification.cpp        : 189)   PROCEDURE == Post simplification
  0:00:09.752     2M / 1003M INFO    General                 (graph_simplification.hpp  : 455)   Disconnection of relatively low covered edges disabled
  0:00:09.752     2M / 1003M INFO    General                 (graph_simplification.hpp  : 494)   Complex tip clipping disabled
  0:00:09.752     2M / 1003M INFO    General                 (graph_simplification.hpp  : 646)   Creating parallel br instance
  0:00:09.752     2M / 1003M INFO   Simplification           (parallel_processing.hpp   : 168)   Running Tip clipper
  0:00:09.752     2M / 1003M INFO   Simplification           (parallel_processing.hpp   : 171)   Tip clipper triggered 0 times
  0:00:09.752     2M / 1003M INFO   Simplification           (parallel_processing.hpp   : 168)   Running Bulge remover
  0:00:09.752     2M / 1003M INFO   Simplification           (parallel_processing.hpp   : 171)   Bulge remover triggered 0 times
  0:00:09.752     2M / 1003M INFO   Simplification           (parallel_processing.hpp   : 168)   Running Tip clipper
  0:00:09.752     2M / 1003M INFO   Simplification           (parallel_processing.hpp   : 171)   Tip clipper triggered 0 times
  0:00:09.752     2M / 1003M INFO   Simplification           (parallel_processing.hpp   : 168)   Running Bulge remover
  0:00:09.753     2M / 1003M INFO   Simplification           (parallel_processing.hpp   : 171)   Bulge remover triggered 0 times
  0:00:09.753     2M / 1003M INFO    General                 (simplification.cpp        : 348)   Disrupting self-conjugate edges
  0:00:09.753     2M / 1003M INFO   Simplification           (parallel_processing.hpp   : 168)   Running Removing isolated edges
  0:00:09.755     2M / 1003M INFO   Simplification           (parallel_processing.hpp   : 171)   Removing isolated edges triggered 23 times
  0:00:09.755     2M / 1003M INFO    General                 (simplification.cpp        : 358)   Removing all the edges having coverage 85.0452 and less
  0:00:09.759     2M / 1003M INFO    General                 (simplification.cpp        : 508)   After simplification:
  0:00:09.760     2M / 1003M INFO    General                 (simplification.cpp        : 509)     Average coverage = 1922.83
  0:00:09.760     2M / 1003M INFO    General                 (simplification.cpp        : 510)     Total length = 29788
  0:00:09.760     2M / 1003M INFO    General                 (simplification.cpp        : 511)     Median edge length: 28956
  0:00:09.760     2M / 1003M INFO    General                 (simplification.cpp        : 512)     Edges: 18
  0:00:09.760     2M / 1003M INFO    General                 (simplification.cpp        : 513)     Vertices: 14
  0:00:09.760     2M / 1003M INFO   StageManager             (stage.cpp                 : 210)   STAGE == Contig Output (id: contig_output)
  0:00:09.761     2M / 1003M INFO    General                 (read_converter.cpp        : 135)   Outputting contigs to "/workspaces/Bioinfo_PPGSis_2026.1/1_dados/1.brutos/aula_04/spades/K33/simplified_contigs"
  0:00:09.762     5M / 1003M INFO    General                 (binary_converter.cpp      : 143)   9 reads written
  0:00:09.763     2M / 1003M INFO    General                 (pipeline.cpp              : 305)   SPAdes finished
  0:00:09.765     1M / 1003M INFO    General                 (main.cpp                  : 131)   Assembling time: 0 hours 0 minutes 9 seconds

===== K33 finished. 


===== K55 started. 


== Running: /home/vscode/miniforge3/envs/bioinfo/bin/spades-core /workspaces/Bioinfo_PPGSis_2026.1/1_dados/1.brutos/aula_04/spades/K55/configs/config.info

  0:00:00.000     1M / 19M   INFO    General                 (main.cpp                  :  94)   Loaded config from "/workspaces/Bioinfo_PPGSis_2026.1/1_dados/1.brutos/aula_04/spades/K55/configs/config.info"
  0:00:00.003     1M / 19M   INFO    General                 (memory_limit.cpp          :  55)   Memory limit set to 7 Gb
  0:00:00.005     1M / 19M   INFO    General                 (main.cpp                  : 102)   Starting SPAdes, built from N/A, git revision N/A
  0:00:00.005     1M / 19M   INFO    General                 (main.cpp                  : 103)   Maximum k-mer length: 128
  0:00:00.005     1M / 19M   INFO    General                 (main.cpp                  : 104)   Assembling dataset ("/workspaces/Bioinfo_PPGSis_2026.1/1_dados/1.brutos/aula_04/spades/dataset.info") with K=55
  0:00:00.005     1M / 19M   INFO    General                 (main.cpp                  : 105)   Maximum # of threads to use (adjusted due to OMP capabilities): 2
  0:00:00.005     1M / 19M   INFO    General                 (pipeline.cpp              : 221)   SPAdes started
  0:00:00.005     1M / 19M   INFO    General                 (pipeline.cpp              : 234)   Starting from stage: read_conversion
  0:00:00.005     1M / 19M   INFO    General                 (pipeline.cpp              : 245)   Two-step repeat resolution disabled
  0:00:00.005     1M / 19M   INFO   GraphCore                (graph_core.hpp            : 582)   Graph created, vertex min_id: 3, edge min_id: 3
  0:00:00.005     1M / 19M   INFO   GraphCore                (graph_core.hpp            : 583)   Vertex size: 48, edge size: 40
  0:00:00.005     1M / 19M   INFO    General                 (edge_index.hpp            : 132)   Size of edge index entries: 12/8
  0:00:00.005     1M / 19M   INFO    General                 (pipeline.cpp              : 256)   Will need read mapping, kmer mapper will be attached
  0:00:00.005     1M / 19M   INFO   StageManager             (stage.cpp                 : 210)   STAGE == Binary Read Conversion (id: read_conversion)
  0:00:00.005     1M / 19M   INFO    General                 (read_converter.cpp        :  57)   Binary reads detected
  0:00:00.025     1M / 19M   INFO   StageManager             (stage.cpp                 : 210)   STAGE == de Bruijn graph construction (id: construction)
  0:00:00.025     1M / 19M   INFO    General                 (construction.cpp          : 115)   Contigs from previous K will be used: /workspaces/Bioinfo_PPGSis_2026.1/1_dados/1.brutos/aula_04/spades/K33/simplified_contigs
  0:00:00.026     1M / 19M   INFO    General                 (construction.cpp          : 150)   Max read length 251
  0:00:00.026     1M / 19M   INFO    General                 (construction.cpp          : 156)   Average read length 220.665
  0:00:00.026     1M / 19M   INFO    General                 (stage.cpp                 : 120)   PROCEDURE == k+1-mer counting (id: construction:kpomer_counting)
  0:00:00.026     1M / 19M   INFO    General                 (kmer_index_builder.hpp    : 308)   Splitting kmer instances into 20 files using 2 threads. This might take a while.
  0:00:00.027     1M / 19M   INFO    General                 (file_limit.hpp            :  43)   Open file limit set to 524288
  0:00:00.027     1M / 19M   INFO    General                 (kmer_splitter.hpp         :  96)   Memory available for splitting buffers: 1.16664 Gb
  0:00:00.027     1M / 19M   INFO    General                 (kmer_splitter.hpp         : 104)   Using cell size of 1677721
  0:00:04.042  1161M / 1161M INFO    General                 (kmer_splitters.hpp        : 128)   Processed 611338 reads
  0:00:04.042     1M / 890M  INFO    General                 (kmer_splitters.hpp        : 134)   Used 611338 reads
  0:00:04.096     1M / 890M  INFO    General                 (kmer_index_builder.hpp    : 314)   Starting k-mer counting.
  0:00:04.106     1M / 890M  INFO    General                 (kmer_index_builder.hpp    : 325)   K-mer counting done. There are 194584 kmers in total.
  0:00:04.106     1M / 890M  INFO    General                 (stage.cpp                 : 120)   PROCEDURE == Extension index construction (id: construction:extension_index_construction)
  0:00:04.108     1M / 890M  INFO   K-mer Index Building     (kmer_index_builder.hpp    : 503)   Building kmer index
  0:00:04.108     1M / 890M  INFO    General                 (kmer_index_builder.hpp    : 308)   Splitting kmer instances into 20 files using 2 threads. This might take a while.
  0:00:04.109     1M / 890M  INFO    General                 (file_limit.hpp            :  43)   Open file limit set to 524288
  0:00:04.109     1M / 890M  INFO    General                 (kmer_splitter.hpp         :  96)   Memory available for splitting buffers: 1.16662 Gb
  0:00:04.109     1M / 890M  INFO    General                 (kmer_splitter.hpp         : 104)   Using cell size of 1677721
  0:00:04.155  1161M / 1161M INFO    General                 (kmer_splitters.hpp        : 197)   Processed 194584 kmers
  0:00:04.155  1161M / 1161M INFO    General                 (kmer_splitters.hpp        : 202)   Used 194584 kmers.
  0:00:04.155     1M / 890M  INFO    General                 (kmer_index_builder.hpp    : 314)   Starting k-mer counting.
  0:00:04.166     1M / 890M  INFO    General                 (kmer_index_builder.hpp    : 325)   K-mer counting done. There are 192645 kmers in total.
  0:00:04.166     1M / 890M  INFO   K-mer Index Building     (kmer_index_builder.hpp    : 460)   Building perfect hash indices
  0:00:04.184     1M / 890M  INFO   K-mer Index Building     (kmer_index_builder.hpp    : 496)   Index built. Total 192645 kmers, 154248 bytes occupied (6.40548 bits per kmer).
  0:00:04.184     1M / 890M  INFO    General                 (kmer_index_builder.hpp    : 191)   Merging final buckets.
  0:00:04.196     1M / 890M  INFO   DeBruijnExtensionIndexBu (kmer_extension_index_build: 101)   Building k-mer extensions from k+1-mers
  0:00:04.221     1M / 890M  INFO   DeBruijnExtensionIndexBu (kmer_extension_index_build: 106)   Building k-mer extensions from k+1-mers finished.
  0:00:04.222     1M / 890M  INFO    General                 (stage.cpp                 : 120)   PROCEDURE == Condensing graph (id: construction:graph_condensing)
  0:00:04.222     1M / 890M  INFO   UnbranchingPathExtractor (debruijn_graph_constructor: 324)   Extracting unbranching paths
  0:00:04.259     2M / 890M  INFO   UnbranchingPathExtractor (debruijn_graph_constructor: 348)   Extracting unbranching paths finished. 13521 sequences extracted
  0:00:04.287     2M / 890M  INFO   UnbranchingPathExtractor (debruijn_graph_constructor: 362)   Collecting perfect loops
  0:00:04.300     2M / 890M  INFO   UnbranchingPathExtractor (debruijn_graph_constructor: 395)   Collecting perfect loops finished. 0 loops collected
  0:00:04.303     2M / 890M  INFO   DeBruijnGraphConstructor (debruijn_graph_constructor: 597)   Sorting edges...
  0:00:04.305     2M / 890M  INFO   DeBruijnGraphConstructor (debruijn_graph_constructor: 602)   Edges sorted
  0:00:04.307     2M / 890M  INFO    General                 (debruijn_graph_constructor: 511)   Total 27042 edges to create
  0:00:04.309     3M / 890M  INFO    General                 (debruijn_graph_constructor: 514)   Collecting link records
  0:00:04.319     3M / 890M  INFO    General                 (debruijn_graph_constructor: 521)   Total short graph edges: 13974
  0:00:04.320     3M / 890M  INFO    General                 (debruijn_graph_constructor: 523)   Ordering link records
  0:00:04.322     3M / 890M  INFO    General                 (debruijn_graph_constructor: 529)   Sorting done
  0:00:04.322     3M / 890M  INFO    General                 (debruijn_graph_constructor: 542)   Sorting LinkRecords...
  0:00:04.322     3M / 890M  INFO    General                 (debruijn_graph_constructor: 548)   LinkRecords sorted
  0:00:04.322     3M / 890M  INFO    General                 (debruijn_graph_constructor: 550)   Total 11582 vertices to create
  0:00:04.323     4M / 890M  INFO    General                 (debruijn_graph_constructor: 553)   Connecting the graph
  0:00:04.324     4M / 890M  INFO    General                 (stage.cpp                 : 120)   PROCEDURE == Filling coverage indices (PHM) (id: construction:coverage_filling_phm)
  0:00:04.324     4M / 890M  INFO   K-mer Index Building     (kmer_index_builder.hpp    : 460)   Building perfect hash indices
  0:00:04.345     4M / 890M  INFO   K-mer Index Building     (kmer_index_builder.hpp    : 496)   Index built. Total 194584 kmers, 155608 bytes occupied (6.39757 bits per kmer).
  0:00:04.346     4M / 890M  INFO    General                 (coverage_hash_map_builder.:  49)   Collecting k-mer coverage information from reads, this takes a while.
  0:00:06.939     4M / 890M  INFO    General                 (construction.cpp          : 400)   Filling coverage and flanking coverage from PHM
  0:00:06.971     4M / 890M  INFO    General                 (coverage_filling.hpp      :  83)   Processed 27040 edges
  0:00:06.978     3M / 890M  INFO   StageManager             (stage.cpp                 : 210)   STAGE == EC Threshold Finding (id: ec_threshold_finder)
  0:00:06.980     3M / 890M  INFO    General                 (kmer_coverage_model.cpp   : 182)   Kmer coverage valley at: 10
  0:00:06.981     3M / 890M  INFO    General                 (kmer_coverage_model.cpp   : 202)   K-mer histogram maximum: 12
  0:00:06.981     3M / 890M  INFO    General                 (kmer_coverage_model.cpp   : 238)   Estimated median coverage: 13. Coverage mad: 2.9652
  0:00:06.981     3M / 890M  INFO    General                 (kmer_coverage_model.cpp   : 260)   Fitting coverage model
  0:00:06.999     3M / 890M  INFO    General                 (kmer_coverage_model.cpp   : 296)   ... iteration 2
  0:00:07.064     3M / 890M  INFO    General                 (kmer_coverage_model.cpp   : 296)   ... iteration 4
  0:00:07.312     3M / 890M  INFO    General                 (kmer_coverage_model.cpp   : 296)   ... iteration 8
  0:00:07.815     3M / 890M  INFO    General                 (kmer_coverage_model.cpp   : 296)   ... iteration 16
  0:00:08.566     3M / 890M  INFO    General                 (kmer_coverage_model.cpp   : 296)   ... iteration 32
  0:00:08.822     3M / 890M  INFO    General                 (kmer_coverage_model.cpp   : 310)   Fitted mean coverage: 4.47461. Fitted coverage std. dev: 3.62321
  0:00:08.823     3M / 890M  WARN    General                 (kmer_coverage_model.cpp   : 328)   Valley value was estimated improperly, reset to 3
  0:00:08.828     3M / 890M  INFO    General                 (kmer_coverage_model.cpp   : 335)   Probability of erroneous kmer at valley: 0.401294
  0:00:08.832     3M / 890M  INFO    General                 (kmer_coverage_model.cpp   : 359)   Preliminary threshold calculated as: 7
  0:00:08.836     3M / 890M  INFO    General                 (kmer_coverage_model.cpp   : 363)   Threshold adjusted to: 3
  0:00:08.840     3M / 890M  INFO    General                 (kmer_coverage_model.cpp   : 376)   Estimated genome size (ignoring repeats): 25940
  0:00:08.843     3M / 890M  INFO    General                 (genomic_info_filler.cpp   :  56)   Mean coverage was calculated as 4.47461
  0:00:08.846     3M / 890M  INFO    General                 (genomic_info_filler.cpp   :  71)   EC coverage threshold value was calculated as 3
  0:00:08.846     3M / 890M  INFO    General                 (genomic_info_filler.cpp   :  72)   Trusted kmer low bound: 75.0754
  0:00:08.847     3M / 890M  INFO   StageManager             (stage.cpp                 : 210)   STAGE == Gap Closer (id: early_gapcloser)
  0:00:08.851    17M / 890M  INFO    General                 (edge_index.hpp            : 132)   Size of edge index entries: 12/8
  0:00:08.859    17M / 890M  INFO    General                 (gap_closer.cpp            : 117)   Total edges in tip neighborhood: 4286 out of 27040, length: 61964
  0:00:08.859    17M / 890M  INFO    General                 (edge_index.hpp            : 196)   Using small index (max_id = 27180)
  0:00:08.866    17M / 890M  INFO   K-mer Index Building     (kmer_index_builder.hpp    : 460)   Building perfect hash indices
  0:00:08.912    17M / 890M  INFO   K-mer Index Building     (kmer_index_builder.hpp    : 496)   Index built. Total 57403 kmers, 42208 bytes occupied (5.88234 bits per kmer).
  0:00:08.912    17M / 890M  INFO    General                 (edge_index_builders.hpp   : 266)   Collecting edge information from graph, this takes a while.
  0:00:08.918    17M / 890M  INFO    General                 (sequence_mapper_notifier.h:  80)   Starting sequence mapping
  0:00:12.942    17M / 890M  INFO    General                 (sequence_mapper_notifier.h: 120)   Total 152824 reads processed
  0:00:12.944    17M / 890M  INFO    General                 (gap_closer.cpp            : 505)   Initializing gap closer
  0:00:12.945    17M / 890M  INFO   GapCloser                (gap_closer.cpp            : 421)   Collecting gap candidates
  0:00:12.946    17M / 890M  INFO   GapCloser                (gap_closer.cpp            : 425)   Total 2 tips collected, total 2 connection candidates
  0:00:12.946    17M / 890M  INFO   GapCloser                (gap_closer.cpp            : 446)   Closing short gaps complete: filled 0 gaps after checking 2 candidates
  0:00:12.947    17M / 890M  INFO    General                 (gap_closer.cpp            : 510)   Gap closer done
  0:00:12.947     3M / 890M  INFO   StageManager             (stage.cpp                 : 210)   STAGE == Raw Simplification (id: raw_simplification)
  0:00:12.947     3M / 890M  INFO    General                 (simplification.cpp        : 129)   PROCEDURE == Initial cleaning
  0:00:12.947     3M / 890M  INFO    General                 (simplification.cpp        :  68)   Most init cleaning disabled since detected mean 4.47461 was less than activation coverage 10
  0:00:12.947     3M / 890M  INFO   Simplification           (parallel_processing.hpp   : 168)   Running Self conjugate edge remover
  0:00:12.948     3M / 890M  INFO   Simplification           (parallel_processing.hpp   : 171)   Self conjugate edge remover triggered 0 times
  0:00:12.948     3M / 890M  INFO   StageManager             (stage.cpp                 : 210)   STAGE == Simplification (id: simplification)
  0:00:12.949     3M / 890M  INFO    General                 (simplification.cpp        : 397)   Graph simplification started
  0:00:12.949     3M / 890M  INFO    General                 (graph_simplification.hpp  : 646)   Creating parallel br instance
  0:00:12.949     3M / 890M  INFO    General                 (simplification.cpp        : 402)   PROCEDURE == Simplification cycle, iteration 1
  0:00:12.949     3M / 890M  INFO   Simplification           (parallel_processing.hpp   : 168)   Running Tip clipper
  0:00:12.964     3M / 890M  INFO   Simplification           (parallel_processing.hpp   : 171)   Tip clipper triggered 4108 times
  0:00:12.964     3M / 890M  INFO   Simplification           (parallel_processing.hpp   : 168)   Running Bulge remover
  0:00:13.089    12M / 890M  INFO   Simplification           (parallel_processing.hpp   : 171)   Bulge remover triggered 1581 times
  0:00:13.090    12M / 890M  INFO   Simplification           (parallel_processing.hpp   : 168)   Running Low coverage edge remover
  0:00:13.090    12M / 890M  INFO   Simplification           (parallel_processing.hpp   : 171)   Low coverage edge remover triggered 0 times
  0:00:13.090    12M / 890M  INFO    General                 (simplification.cpp        : 402)   PROCEDURE == Simplification cycle, iteration 2
  0:00:13.091    12M / 890M  INFO   Simplification           (parallel_processing.hpp   : 168)   Running Tip clipper
  0:00:13.091    12M / 890M  INFO   Simplification           (parallel_processing.hpp   : 171)   Tip clipper triggered 1 times
  0:00:13.091    12M / 890M  INFO   Simplification           (parallel_processing.hpp   : 168)   Running Bulge remover
  0:00:13.091    12M / 890M  INFO   Simplification           (parallel_processing.hpp   : 171)   Bulge remover triggered 0 times
  0:00:13.091    12M / 890M  INFO   Simplification           (parallel_processing.hpp   : 168)   Running Low coverage edge remover
  0:00:13.092    12M / 890M  INFO   Simplification           (parallel_processing.hpp   : 171)   Low coverage edge remover triggered 0 times
  0:00:13.092    12M / 890M  INFO    General                 (simplification.cpp        : 402)   PROCEDURE == Simplification cycle, iteration 3
  0:00:13.092    12M / 890M  INFO   Simplification           (parallel_processing.hpp   : 168)   Running Tip clipper
  0:00:13.092    12M / 890M  INFO   Simplification           (parallel_processing.hpp   : 171)   Tip clipper triggered 0 times
  0:00:13.092    12M / 890M  INFO   Simplification           (parallel_processing.hpp   : 168)   Running Bulge remover
  0:00:13.092    12M / 890M  INFO   Simplification           (parallel_processing.hpp   : 171)   Bulge remover triggered 0 times
  0:00:13.092    12M / 890M  INFO   Simplification           (parallel_processing.hpp   : 168)   Running Low coverage edge remover
  0:00:13.092    12M / 890M  INFO   Simplification           (parallel_processing.hpp   : 171)   Low coverage edge remover triggered 0 times
  0:00:13.092    12M / 890M  INFO    General                 (simplification.cpp        : 402)   PROCEDURE == Simplification cycle, iteration 4
  0:00:13.092    12M / 890M  INFO   Simplification           (parallel_processing.hpp   : 168)   Running Tip clipper
  0:00:13.092    12M / 890M  INFO   Simplification           (parallel_processing.hpp   : 171)   Tip clipper triggered 0 times
  0:00:13.092    12M / 890M  INFO   Simplification           (parallel_processing.hpp   : 168)   Running Bulge remover
  0:00:13.092    12M / 890M  INFO   Simplification           (parallel_processing.hpp   : 171)   Bulge remover triggered 0 times
  0:00:13.092    12M / 890M  INFO   Simplification           (parallel_processing.hpp   : 168)   Running Low coverage edge remover
  0:00:13.093    12M / 890M  INFO   Simplification           (parallel_processing.hpp   : 171)   Low coverage edge remover triggered 168 times
  0:00:13.094    12M / 890M  INFO    General                 (simplification.cpp        : 402)   PROCEDURE == Simplification cycle, iteration 5
  0:00:13.094    12M / 890M  INFO   Simplification           (parallel_processing.hpp   : 168)   Running Tip clipper
  0:00:13.094    12M / 890M  INFO   Simplification           (parallel_processing.hpp   : 171)   Tip clipper triggered 5 times
  0:00:13.094    12M / 890M  INFO   Simplification           (parallel_processing.hpp   : 168)   Running Bulge remover
  0:00:13.099    12M / 890M  INFO   Simplification           (parallel_processing.hpp   : 171)   Bulge remover triggered 41 times
  0:00:13.101    12M / 890M  INFO   Simplification           (parallel_processing.hpp   : 168)   Running Low coverage edge remover
  0:00:13.101    12M / 890M  INFO   Simplification           (parallel_processing.hpp   : 171)   Low coverage edge remover triggered 31 times
  0:00:13.102    12M / 890M  INFO    General                 (simplification.cpp        : 402)   PROCEDURE == Simplification cycle, iteration 6
  0:00:13.102    12M / 890M  INFO   Simplification           (parallel_processing.hpp   : 168)   Running Tip clipper
  0:00:13.102    12M / 890M  INFO   Simplification           (parallel_processing.hpp   : 171)   Tip clipper triggered 2 times
  0:00:13.102    12M / 890M  INFO   Simplification           (parallel_processing.hpp   : 168)   Running Bulge remover
  0:00:13.103    12M / 890M  INFO   Simplification           (parallel_processing.hpp   : 171)   Bulge remover triggered 8 times
  0:00:13.103    12M / 890M  INFO   Simplification           (parallel_processing.hpp   : 168)   Running Low coverage edge remover
  0:00:13.104    12M / 890M  INFO   Simplification           (parallel_processing.hpp   : 171)   Low coverage edge remover triggered 18 times
  0:00:13.104    12M / 890M  INFO    General                 (simplification.cpp        : 402)   PROCEDURE == Simplification cycle, iteration 7
  0:00:13.105    12M / 890M  INFO   Simplification           (parallel_processing.hpp   : 168)   Running Tip clipper
  0:00:13.105    12M / 890M  INFO   Simplification           (parallel_processing.hpp   : 171)   Tip clipper triggered 1 times
  0:00:13.105    12M / 890M  INFO   Simplification           (parallel_processing.hpp   : 168)   Running Bulge remover
  0:00:13.106    12M / 890M  INFO   Simplification           (parallel_processing.hpp   : 171)   Bulge remover triggered 2 times
  0:00:13.106    12M / 890M  INFO   Simplification           (parallel_processing.hpp   : 168)   Running Low coverage edge remover
  0:00:13.108    12M / 890M  INFO   Simplification           (parallel_processing.hpp   : 171)   Low coverage edge remover triggered 83 times
  0:00:13.109    12M / 890M  INFO    General                 (simplification.cpp        : 402)   PROCEDURE == Simplification cycle, iteration 8
  0:00:13.109    12M / 890M  INFO   Simplification           (parallel_processing.hpp   : 168)   Running Tip clipper
  0:00:13.109    12M / 890M  INFO   Simplification           (parallel_processing.hpp   : 171)   Tip clipper triggered 0 times
  0:00:13.109    12M / 890M  INFO   Simplification           (parallel_processing.hpp   : 168)   Running Bulge remover
  0:00:13.112    12M / 890M  INFO   Simplification           (parallel_processing.hpp   : 171)   Bulge remover triggered 20 times
  0:00:13.112    12M / 890M  INFO   Simplification           (parallel_processing.hpp   : 168)   Running Low coverage edge remover
  0:00:13.113    12M / 890M  INFO   Simplification           (parallel_processing.hpp   : 171)   Low coverage edge remover triggered 12 times
  0:00:13.113    12M / 890M  INFO    General                 (simplification.cpp        : 402)   PROCEDURE == Simplification cycle, iteration 9
  0:00:13.113    12M / 890M  INFO   Simplification           (parallel_processing.hpp   : 168)   Running Tip clipper
  0:00:13.113    12M / 890M  INFO   Simplification           (parallel_processing.hpp   : 171)   Tip clipper triggered 0 times
  0:00:13.113    12M / 890M  INFO   Simplification           (parallel_processing.hpp   : 168)   Running Bulge remover
  0:00:13.113    12M / 890M  INFO   Simplification           (parallel_processing.hpp   : 171)   Bulge remover triggered 3 times
  0:00:13.113    12M / 890M  INFO   Simplification           (parallel_processing.hpp   : 168)   Running Low coverage edge remover
  0:00:13.113    12M / 890M  INFO   Simplification           (parallel_processing.hpp   : 171)   Low coverage edge remover triggered 4 times
  0:00:13.113    12M / 890M  INFO    General                 (simplification.cpp        : 402)   PROCEDURE == Simplification cycle, iteration 10
  0:00:13.113    12M / 890M  INFO   Simplification           (parallel_processing.hpp   : 168)   Running Tip clipper
  0:00:13.113    12M / 890M  INFO   Simplification           (parallel_processing.hpp   : 171)   Tip clipper triggered 0 times
  0:00:13.113    12M / 890M  INFO   Simplification           (parallel_processing.hpp   : 168)   Running Bulge remover
  0:00:13.113    12M / 890M  INFO   Simplification           (parallel_processing.hpp   : 171)   Bulge remover triggered 0 times
  0:00:13.113    12M / 890M  INFO   Simplification           (parallel_processing.hpp   : 168)   Running Low coverage edge remover
  0:00:13.114    12M / 890M  INFO   Simplification           (parallel_processing.hpp   : 171)   Low coverage edge remover triggered 7 times
  0:00:13.114    12M / 890M  INFO    General                 (simplification.cpp        : 402)   PROCEDURE == Simplification cycle, iteration 11
  0:00:13.114    12M / 890M  INFO   Simplification           (parallel_processing.hpp   : 168)   Running Tip clipper
  0:00:13.114    12M / 890M  INFO   Simplification           (parallel_processing.hpp   : 171)   Tip clipper triggered 0 times
  0:00:13.114    12M / 890M  INFO   Simplification           (parallel_processing.hpp   : 168)   Running Bulge remover
  0:00:13.114    12M / 890M  INFO   Simplification           (parallel_processing.hpp   : 171)   Bulge remover triggered 1 times
  0:00:13.114    12M / 890M  INFO   Simplification           (parallel_processing.hpp   : 168)   Running Low coverage edge remover
  0:00:13.114    12M / 890M  INFO   Simplification           (parallel_processing.hpp   : 171)   Low coverage edge remover triggered 0 times
  0:00:13.116    12M / 890M  INFO    General                 (simplification.cpp        : 402)   PROCEDURE == Simplification cycle, iteration 12
  0:00:13.116    12M / 890M  INFO   Simplification           (parallel_processing.hpp   : 168)   Running Tip clipper
  0:00:13.116    12M / 890M  INFO   Simplification           (parallel_processing.hpp   : 171)   Tip clipper triggered 0 times
  0:00:13.116    12M / 890M  INFO   Simplification           (parallel_processing.hpp   : 168)   Running Bulge remover
  0:00:13.116    12M / 890M  INFO   Simplification           (parallel_processing.hpp   : 171)   Bulge remover triggered 0 times
  0:00:13.116    12M / 890M  INFO   Simplification           (parallel_processing.hpp   : 168)   Running Low coverage edge remover
  0:00:13.116    12M / 890M  INFO   Simplification           (parallel_processing.hpp   : 171)   Low coverage edge remover triggered 0 times
  0:00:13.116    12M / 890M  INFO   StageManager             (stage.cpp                 : 210)   STAGE == Gap Closer (id: late_gapcloser)
  0:00:13.119    25M / 890M  INFO    General                 (edge_index.hpp            : 132)   Size of edge index entries: 12/8
  0:00:13.124    25M / 890M  INFO    General                 (gap_closer.cpp            : 117)   Total edges in tip neighborhood: 135 out of 296, length: 10049
  0:00:13.124    25M / 890M  INFO    General                 (edge_index.hpp            : 196)   Using small index (max_id = 27180)
  0:00:13.124    25M / 890M  INFO   K-mer Index Building     (kmer_index_builder.hpp    : 460)   Building perfect hash indices
  0:00:13.129    25M / 890M  INFO   K-mer Index Building     (kmer_index_builder.hpp    : 496)   Index built. Total 5372 kmers, 4648 bytes occupied (6.92182 bits per kmer).
  0:00:13.129    25M / 890M  INFO    General                 (edge_index_builders.hpp   : 266)   Collecting edge information from graph, this takes a while.
  0:00:13.130    25M / 890M  INFO    General                 (sequence_mapper_notifier.h:  80)   Starting sequence mapping
  0:00:18.931    25M / 890M  INFO    General                 (sequence_mapper_notifier.h: 120)   Total 152824 reads processed
  0:00:18.934    25M / 890M  INFO    General                 (gap_closer.cpp            : 505)   Initializing gap closer
  0:00:18.934    25M / 890M  INFO   GapCloser                (gap_closer.cpp            : 421)   Collecting gap candidates
  0:00:18.934    25M / 890M  INFO   GapCloser                (gap_closer.cpp            : 425)   Total 0 tips collected, total 0 connection candidates
  0:00:18.934    25M / 890M  INFO   GapCloser                (gap_closer.cpp            : 446)   Closing short gaps complete: filled 0 gaps after checking 0 candidates
  0:00:18.934    25M / 890M  INFO    General                 (gap_closer.cpp            : 510)   Gap closer done
  0:00:18.935    12M / 890M  INFO   StageManager             (stage.cpp                 : 210)   STAGE == Simplification Cleanup (id: simplification_cleanup)
  0:00:18.935    12M / 890M  INFO    General                 (simplification.cpp        : 189)   PROCEDURE == Post simplification
  0:00:18.935    12M / 890M  INFO    General                 (graph_simplification.hpp  : 455)   Disconnection of relatively low covered edges disabled
  0:00:18.935    12M / 890M  INFO    General                 (graph_simplification.hpp  : 494)   Complex tip clipping disabled
  0:00:18.935    12M / 890M  INFO    General                 (graph_simplification.hpp  : 646)   Creating parallel br instance
  0:00:18.935    12M / 890M  INFO   Simplification           (parallel_processing.hpp   : 168)   Running Tip clipper
  0:00:18.935    12M / 890M  INFO   Simplification           (parallel_processing.hpp   : 171)   Tip clipper triggered 0 times
  0:00:18.935    12M / 890M  INFO   Simplification           (parallel_processing.hpp   : 168)   Running Bulge remover
  0:00:18.935    12M / 890M  INFO   Simplification           (parallel_processing.hpp   : 171)   Bulge remover triggered 0 times
  0:00:18.935    12M / 890M  INFO   Simplification           (parallel_processing.hpp   : 168)   Running Tip clipper
  0:00:18.935    12M / 890M  INFO   Simplification           (parallel_processing.hpp   : 171)   Tip clipper triggered 0 times
  0:00:18.937    12M / 890M  INFO   Simplification           (parallel_processing.hpp   : 168)   Running Bulge remover
  0:00:18.937    12M / 890M  INFO   Simplification           (parallel_processing.hpp   : 171)   Bulge remover triggered 0 times
  0:00:18.937    12M / 890M  INFO    General                 (simplification.cpp        : 348)   Disrupting self-conjugate edges
  0:00:18.937    12M / 890M  INFO   Simplification           (parallel_processing.hpp   : 168)   Running Removing isolated edges
  0:00:18.937    12M / 890M  INFO   Simplification           (parallel_processing.hpp   : 171)   Removing isolated edges triggered 62 times
  0:00:18.937    12M / 890M  INFO    General                 (simplification.cpp        : 358)   Removing all the edges having coverage 75.0754 and less
  0:00:18.942    12M / 890M  INFO    General                 (simplification.cpp        : 508)   After simplification:
  0:00:18.943    12M / 890M  INFO    General                 (simplification.cpp        : 509)     Average coverage = 1690.34
  0:00:18.943    12M / 890M  INFO    General                 (simplification.cpp        : 510)     Total length = 29893
  0:00:18.944    12M / 890M  INFO    General                 (simplification.cpp        : 511)     Median edge length: 28956
  0:00:18.944    12M / 890M  INFO    General                 (simplification.cpp        : 512)     Edges: 16
  0:00:18.944    12M / 890M  INFO    General                 (simplification.cpp        : 513)     Vertices: 14
  0:00:18.944    12M / 890M  INFO   StageManager             (stage.cpp                 : 210)   STAGE == Contig Output (id: contig_output)
  0:00:18.946    12M / 890M  INFO    General                 (read_converter.cpp        : 135)   Outputting contigs to "/workspaces/Bioinfo_PPGSis_2026.1/1_dados/1.brutos/aula_04/spades/K55/simplified_contigs"
  0:00:18.948    15M / 890M  INFO    General                 (binary_converter.cpp      : 143)   8 reads written
  0:00:18.949    12M / 890M  INFO    General                 (pipeline.cpp              : 305)   SPAdes finished
  0:00:18.969     1M / 890M  INFO    General                 (main.cpp                  : 131)   Assembling time: 0 hours 0 minutes 18 seconds

===== K55 finished. 


===== K77 started. 


== Running: /home/vscode/miniforge3/envs/bioinfo/bin/spades-core /workspaces/Bioinfo_PPGSis_2026.1/1_dados/1.brutos/aula_04/spades/K77/configs/config.info

  0:00:00.000     1M / 19M   INFO    General                 (main.cpp                  :  94)   Loaded config from "/workspaces/Bioinfo_PPGSis_2026.1/1_dados/1.brutos/aula_04/spades/K77/configs/config.info"
  0:00:00.001     1M / 19M   INFO    General                 (memory_limit.cpp          :  55)   Memory limit set to 7 Gb
  0:00:00.001     1M / 19M   INFO    General                 (main.cpp                  : 102)   Starting SPAdes, built from N/A, git revision N/A
  0:00:00.001     1M / 19M   INFO    General                 (main.cpp                  : 103)   Maximum k-mer length: 128
  0:00:00.001     1M / 19M   INFO    General                 (main.cpp                  : 104)   Assembling dataset ("/workspaces/Bioinfo_PPGSis_2026.1/1_dados/1.brutos/aula_04/spades/dataset.info") with K=77
  0:00:00.001     1M / 19M   INFO    General                 (main.cpp                  : 105)   Maximum # of threads to use (adjusted due to OMP capabilities): 2
  0:00:00.002     1M / 19M   INFO    General                 (pipeline.cpp              : 221)   SPAdes started
  0:00:00.002     1M / 19M   INFO    General                 (pipeline.cpp              : 234)   Starting from stage: read_conversion
  0:00:00.002     1M / 19M   INFO    General                 (pipeline.cpp              : 245)   Two-step repeat resolution disabled
  0:00:00.002     1M / 19M   INFO   GraphCore                (graph_core.hpp            : 582)   Graph created, vertex min_id: 3, edge min_id: 3
  0:00:00.002     1M / 19M   INFO   GraphCore                (graph_core.hpp            : 583)   Vertex size: 48, edge size: 40
  0:00:00.002     1M / 19M   INFO    General                 (edge_index.hpp            : 132)   Size of edge index entries: 12/8
  0:00:00.002     1M / 19M   INFO    General                 (pipeline.cpp              : 256)   Will need read mapping, kmer mapper will be attached
  0:00:00.002     1M / 19M   INFO   StageManager             (stage.cpp                 : 210)   STAGE == Binary Read Conversion (id: read_conversion)
  0:00:00.002     1M / 19M   INFO    General                 (read_converter.cpp        :  57)   Binary reads detected
  0:00:00.025     1M / 19M   INFO   StageManager             (stage.cpp                 : 210)   STAGE == de Bruijn graph construction (id: construction)
  0:00:00.027     1M / 19M   INFO    General                 (construction.cpp          : 115)   Contigs from previous K will be used: /workspaces/Bioinfo_PPGSis_2026.1/1_dados/1.brutos/aula_04/spades/K55/simplified_contigs
  0:00:00.029     1M / 19M   INFO    General                 (construction.cpp          : 150)   Max read length 251
  0:00:00.030     1M / 19M   INFO    General                 (construction.cpp          : 156)   Average read length 220.665
  0:00:00.031     1M / 19M   INFO    General                 (stage.cpp                 : 120)   PROCEDURE == k+1-mer counting (id: construction:kpomer_counting)
  0:00:00.031     1M / 19M   INFO    General                 (kmer_index_builder.hpp    : 308)   Splitting kmer instances into 20 files using 2 threads. This might take a while.
  0:00:00.032     1M / 19M   INFO    General                 (file_limit.hpp            :  43)   Open file limit set to 524288
  0:00:00.033     1M / 19M   INFO    General                 (kmer_splitter.hpp         :  96)   Memory available for splitting buffers: 1.16664 Gb
  0:00:00.034     1M / 19M   INFO    General                 (kmer_splitter.hpp         : 104)   Using cell size of 1118481
  0:00:03.983  1161M / 1161M INFO    General                 (kmer_splitters.hpp        : 128)   Processed 564544 reads
  0:00:04.238  1161M / 1161M INFO    General                 (kmer_splitters.hpp        : 128)   Processed 611336 reads
  0:00:04.239     1M / 1065M INFO    General                 (kmer_splitters.hpp        : 134)   Used 611336 reads
  0:00:04.295     1M / 1065M INFO    General                 (kmer_index_builder.hpp    : 314)   Starting k-mer counting.
  0:00:04.308     1M / 1065M INFO    General                 (kmer_index_builder.hpp    : 325)   K-mer counting done. There are 230318 kmers in total.
  0:00:04.308     1M / 1065M INFO    General                 (stage.cpp                 : 120)   PROCEDURE == Extension index construction (id: construction:extension_index_construction)
  0:00:04.309     1M / 1065M INFO   K-mer Index Building     (kmer_index_builder.hpp    : 503)   Building kmer index
  0:00:04.309     1M / 1065M INFO    General                 (kmer_index_builder.hpp    : 308)   Splitting kmer instances into 20 files using 2 threads. This might take a while.
  0:00:04.311     1M / 1065M INFO    General                 (file_limit.hpp            :  43)   Open file limit set to 524288
  0:00:04.311     1M / 1065M INFO    General                 (kmer_splitter.hpp         :  96)   Memory available for splitting buffers: 1.16662 Gb
  0:00:04.311     1M / 1065M INFO    General                 (kmer_splitter.hpp         : 104)   Using cell size of 1118481
  0:00:04.382  1161M / 1161M INFO    General                 (kmer_splitters.hpp        : 197)   Processed 230318 kmers
  0:00:04.382  1161M / 1161M INFO    General                 (kmer_splitters.hpp        : 202)   Used 230318 kmers.
  0:00:04.383     1M / 1065M INFO    General                 (kmer_index_builder.hpp    : 314)   Starting k-mer counting.
  0:00:04.395     1M / 1065M INFO    General                 (kmer_index_builder.hpp    : 325)   K-mer counting done. There are 228946 kmers in total.
  0:00:04.395     1M / 1065M INFO   K-mer Index Building     (kmer_index_builder.hpp    : 460)   Building perfect hash indices
  0:00:04.416     1M / 1065M INFO   K-mer Index Building     (kmer_index_builder.hpp    : 496)   Index built. Total 228946 kmers, 180568 bytes occupied (6.30954 bits per kmer).
  0:00:04.416     1M / 1065M INFO    General                 (kmer_index_builder.hpp    : 191)   Merging final buckets.
  0:00:04.428     1M / 1065M INFO   DeBruijnExtensionIndexBu (kmer_extension_index_build: 101)   Building k-mer extensions from k+1-mers
  0:00:04.464     1M / 1065M INFO   DeBruijnExtensionIndexBu (kmer_extension_index_build: 106)   Building k-mer extensions from k+1-mers finished.
  0:00:04.465     1M / 1065M INFO    General                 (stage.cpp                 : 120)   PROCEDURE == Condensing graph (id: construction:graph_condensing)
  0:00:04.465     1M / 1065M INFO   UnbranchingPathExtractor (debruijn_graph_constructor: 324)   Extracting unbranching paths
  0:00:04.520     2M / 1065M INFO   UnbranchingPathExtractor (debruijn_graph_constructor: 348)   Extracting unbranching paths finished. 12941 sequences extracted
  0:00:04.560     2M / 1065M INFO   UnbranchingPathExtractor (debruijn_graph_constructor: 362)   Collecting perfect loops
  0:00:04.576     2M / 1065M INFO   UnbranchingPathExtractor (debruijn_graph_constructor: 395)   Collecting perfect loops finished. 0 loops collected
  0:00:04.580     2M / 1065M INFO   DeBruijnGraphConstructor (debruijn_graph_constructor: 597)   Sorting edges...
  0:00:04.590     2M / 1065M INFO   DeBruijnGraphConstructor (debruijn_graph_constructor: 602)   Edges sorted
  0:00:04.590     2M / 1065M INFO    General                 (debruijn_graph_constructor: 511)   Total 25882 edges to create
  0:00:04.591     3M / 1065M INFO    General                 (debruijn_graph_constructor: 514)   Collecting link records
  0:00:04.617     3M / 1065M INFO    General                 (debruijn_graph_constructor: 521)   Total short graph edges: 0
  0:00:04.617     3M / 1065M INFO    General                 (debruijn_graph_constructor: 523)   Ordering link records
  0:00:04.621     3M / 1065M INFO    General                 (debruijn_graph_constructor: 529)   Sorting done
  0:00:04.621     3M / 1065M INFO    General                 (debruijn_graph_constructor: 542)   Sorting LinkRecords...
  0:00:04.622     3M / 1065M INFO    General                 (debruijn_graph_constructor: 548)   LinkRecords sorted
  0:00:04.623     3M / 1065M INFO    General                 (debruijn_graph_constructor: 550)   Total 11569 vertices to create
  0:00:04.623     4M / 1065M INFO    General                 (debruijn_graph_constructor: 553)   Connecting the graph
  0:00:04.626     4M / 1065M INFO    General                 (stage.cpp                 : 120)   PROCEDURE == Filling coverage indices (PHM) (id: construction:coverage_filling_phm)
  0:00:04.626     4M / 1065M INFO   K-mer Index Building     (kmer_index_builder.hpp    : 460)   Building perfect hash indices
  0:00:04.655     4M / 1065M INFO   K-mer Index Building     (kmer_index_builder.hpp    : 496)   Index built. Total 230318 kmers, 181536 bytes occupied (6.30558 bits per kmer).
  0:00:04.655     5M / 1065M INFO    General                 (coverage_hash_map_builder.:  49)   Collecting k-mer coverage information from reads, this takes a while.
  0:00:07.350     5M / 1065M INFO    General                 (construction.cpp          : 400)   Filling coverage and flanking coverage from PHM
  0:00:07.388     5M / 1065M INFO    General                 (coverage_filling.hpp      :  83)   Processed 25880 edges
  0:00:07.399     3M / 1065M INFO   StageManager             (stage.cpp                 : 210)   STAGE == EC Threshold Finding (id: ec_threshold_finder)
  0:00:07.400     4M / 1065M INFO    General                 (kmer_coverage_model.cpp   : 182)   Kmer coverage valley at: 10
  0:00:07.400     3M / 1065M INFO    General                 (kmer_coverage_model.cpp   : 202)   K-mer histogram maximum: 12
  0:00:07.400     3M / 1065M INFO    General                 (kmer_coverage_model.cpp   : 238)   Estimated median coverage: 13. Coverage mad: 2.9652
  0:00:07.400     3M / 1065M INFO    General                 (kmer_coverage_model.cpp   : 260)   Fitting coverage model
  0:00:07.421     4M / 1065M INFO    General                 (kmer_coverage_model.cpp   : 296)   ... iteration 2
  0:00:07.462     4M / 1065M INFO    General                 (kmer_coverage_model.cpp   : 296)   ... iteration 4
  0:00:07.753     4M / 1065M INFO    General                 (kmer_coverage_model.cpp   : 296)   ... iteration 8
  0:00:08.211     4M / 1065M INFO    General                 (kmer_coverage_model.cpp   : 296)   ... iteration 16
  0:00:08.627     4M / 1065M INFO    General                 (kmer_coverage_model.cpp   : 310)   Fitted mean coverage: 6.13351. Fitted coverage std. dev: 5.16698
  0:00:08.628     4M / 1065M INFO    General                 (kmer_coverage_model.cpp   : 335)   Probability of erroneous kmer at valley: 0.00152371
  0:00:08.628     4M / 1065M INFO    General                 (kmer_coverage_model.cpp   : 359)   Preliminary threshold calculated as: 10
  0:00:08.628     4M / 1065M INFO    General                 (kmer_coverage_model.cpp   : 363)   Threshold adjusted to: 10
  0:00:08.628     4M / 1065M INFO    General                 (kmer_coverage_model.cpp   : 376)   Estimated genome size (ignoring repeats): 3708
  0:00:08.628     3M / 1065M INFO    General                 (genomic_info_filler.cpp   :  56)   Mean coverage was calculated as 6.13351
  0:00:08.628     3M / 1065M INFO    General                 (genomic_info_filler.cpp   :  71)   EC coverage threshold value was calculated as 10
  0:00:08.628     3M / 1065M INFO    General                 (genomic_info_filler.cpp   :  72)   Trusted kmer low bound: 65.1055
  0:00:08.628     3M / 1065M INFO   StageManager             (stage.cpp                 : 210)   STAGE == Gap Closer (id: early_gapcloser)
  0:00:08.632    17M / 1065M INFO    General                 (edge_index.hpp            : 132)   Size of edge index entries: 12/8
  0:00:08.634    17M / 1065M INFO    General                 (gap_closer.cpp            : 117)   Total edges in tip neighborhood: 4793 out of 25880, length: 95241
  0:00:08.634    17M / 1065M INFO    General                 (edge_index.hpp            : 196)   Using small index (max_id = 26014)
  0:00:08.648    17M / 1065M INFO   K-mer Index Building     (kmer_index_builder.hpp    : 460)   Building perfect hash indices
  0:00:08.674    17M / 1065M INFO   K-mer Index Building     (kmer_index_builder.hpp    : 496)   Index built. Total 89741 kmers, 65560 bytes occupied (5.84437 bits per kmer).
  0:00:08.674    18M / 1065M INFO    General                 (edge_index_builders.hpp   : 266)   Collecting edge information from graph, this takes a while.
  0:00:08.683    18M / 1065M INFO    General                 (sequence_mapper_notifier.h:  80)   Starting sequence mapping
  0:00:12.491    18M / 1065M INFO    General                 (sequence_mapper_notifier.h: 120)   Total 152824 reads processed
  0:00:12.494    17M / 1065M INFO    General                 (gap_closer.cpp            : 505)   Initializing gap closer
  0:00:12.494    17M / 1065M INFO   GapCloser                (gap_closer.cpp            : 421)   Collecting gap candidates
  0:00:12.495    17M / 1065M INFO   GapCloser                (gap_closer.cpp            : 425)   Total 6 tips collected, total 6 connection candidates
  0:00:12.495    17M / 1065M INFO   GapCloser                (gap_closer.cpp            : 446)   Closing short gaps complete: filled 0 gaps after checking 6 candidates
  0:00:12.496    17M / 1065M INFO    General                 (gap_closer.cpp            : 510)   Gap closer done
  0:00:12.497     3M / 1065M INFO   StageManager             (stage.cpp                 : 210)   STAGE == Raw Simplification (id: raw_simplification)
  0:00:12.497     3M / 1065M INFO    General                 (simplification.cpp        : 129)   PROCEDURE == Initial cleaning
  0:00:12.501     3M / 1065M INFO    General                 (simplification.cpp        :  68)   Most init cleaning disabled since detected mean 6.13351 was less than activation coverage 10
  0:00:12.501     3M / 1065M INFO   Simplification           (parallel_processing.hpp   : 168)   Running Self conjugate edge remover
  0:00:12.502     3M / 1065M INFO   Simplification           (parallel_processing.hpp   : 171)   Self conjugate edge remover triggered 0 times
  0:00:12.502     3M / 1065M INFO   StageManager             (stage.cpp                 : 210)   STAGE == Simplification (id: simplification)
  0:00:12.502     3M / 1065M INFO    General                 (simplification.cpp        : 397)   Graph simplification started
  0:00:12.502     3M / 1065M INFO    General                 (graph_simplification.hpp  : 646)   Creating parallel br instance
  0:00:12.502     3M / 1065M INFO    General                 (simplification.cpp        : 402)   PROCEDURE == Simplification cycle, iteration 1
  0:00:12.502     3M / 1065M INFO   Simplification           (parallel_processing.hpp   : 168)   Running Tip clipper
  0:00:12.517     3M / 1065M INFO   Simplification           (parallel_processing.hpp   : 171)   Tip clipper triggered 4541 times
  0:00:12.518     3M / 1065M INFO   Simplification           (parallel_processing.hpp   : 168)   Running Bulge remover
  0:00:12.732    16M / 1065M INFO   Simplification           (parallel_processing.hpp   : 171)   Bulge remover triggered 1223 times
  0:00:12.732    16M / 1065M INFO   Simplification           (parallel_processing.hpp   : 168)   Running Low coverage edge remover
  0:00:12.734    16M / 1065M INFO   Simplification           (parallel_processing.hpp   : 171)   Low coverage edge remover triggered 64 times
  0:00:12.734    16M / 1065M INFO    General                 (simplification.cpp        : 402)   PROCEDURE == Simplification cycle, iteration 2
  0:00:12.734    16M / 1065M INFO   Simplification           (parallel_processing.hpp   : 168)   Running Tip clipper
  0:00:12.734    16M / 1065M INFO   Simplification           (parallel_processing.hpp   : 171)   Tip clipper triggered 8 times
  0:00:12.734    16M / 1065M INFO   Simplification           (parallel_processing.hpp   : 168)   Running Bulge remover
  0:00:12.740    17M / 1065M INFO   Simplification           (parallel_processing.hpp   : 171)   Bulge remover triggered 31 times
  0:00:12.740    17M / 1065M INFO   Simplification           (parallel_processing.hpp   : 168)   Running Low coverage edge remover
  0:00:12.742    17M / 1065M INFO   Simplification           (parallel_processing.hpp   : 171)   Low coverage edge remover triggered 101 times
  0:00:12.742    17M / 1065M INFO    General                 (simplification.cpp        : 402)   PROCEDURE == Simplification cycle, iteration 3
  0:00:12.742    17M / 1065M INFO   Simplification           (parallel_processing.hpp   : 168)   Running Tip clipper
  0:00:12.742    17M / 1065M INFO   Simplification           (parallel_processing.hpp   : 171)   Tip clipper triggered 3 times
  0:00:12.742    17M / 1065M INFO   Simplification           (parallel_processing.hpp   : 168)   Running Bulge remover
  0:00:12.745    17M / 1065M INFO   Simplification           (parallel_processing.hpp   : 171)   Bulge remover triggered 18 times
  0:00:12.747    17M / 1065M INFO   Simplification           (parallel_processing.hpp   : 168)   Running Low coverage edge remover
  0:00:12.748    17M / 1065M INFO   Simplification           (parallel_processing.hpp   : 171)   Low coverage edge remover triggered 12 times
  0:00:12.748    17M / 1065M INFO    General                 (simplification.cpp        : 402)   PROCEDURE == Simplification cycle, iteration 4
  0:00:12.748    17M / 1065M INFO   Simplification           (parallel_processing.hpp   : 168)   Running Tip clipper
  0:00:12.748    17M / 1065M INFO   Simplification           (parallel_processing.hpp   : 171)   Tip clipper triggered 0 times
  0:00:12.749    17M / 1065M INFO   Simplification           (parallel_processing.hpp   : 168)   Running Bulge remover
  0:00:12.750    17M / 1065M INFO   Simplification           (parallel_processing.hpp   : 171)   Bulge remover triggered 2 times
  0:00:12.750    17M / 1065M INFO   Simplification           (parallel_processing.hpp   : 168)   Running Low coverage edge remover
  0:00:12.751    17M / 1065M INFO   Simplification           (parallel_processing.hpp   : 171)   Low coverage edge remover triggered 11 times
  0:00:12.751    17M / 1065M INFO    General                 (simplification.cpp        : 402)   PROCEDURE == Simplification cycle, iteration 5
  0:00:12.751    17M / 1065M INFO   Simplification           (parallel_processing.hpp   : 168)   Running Tip clipper
  0:00:12.751    17M / 1065M INFO   Simplification           (parallel_processing.hpp   : 171)   Tip clipper triggered 0 times
  0:00:12.751    17M / 1065M INFO   Simplification           (parallel_processing.hpp   : 168)   Running Bulge remover
  0:00:12.752    17M / 1065M INFO   Simplification           (parallel_processing.hpp   : 171)   Bulge remover triggered 1 times
  0:00:12.752    17M / 1065M INFO   Simplification           (parallel_processing.hpp   : 168)   Running Low coverage edge remover
  0:00:12.752    17M / 1065M INFO   Simplification           (parallel_processing.hpp   : 171)   Low coverage edge remover triggered 4 times
  0:00:12.752    17M / 1065M INFO    General                 (simplification.cpp        : 402)   PROCEDURE == Simplification cycle, iteration 6
  0:00:12.752    17M / 1065M INFO   Simplification           (parallel_processing.hpp   : 168)   Running Tip clipper
  0:00:12.752    17M / 1065M INFO   Simplification           (parallel_processing.hpp   : 171)   Tip clipper triggered 0 times
  0:00:12.752    17M / 1065M INFO   Simplification           (parallel_processing.hpp   : 168)   Running Bulge remover
  0:00:12.752    17M / 1065M INFO   Simplification           (parallel_processing.hpp   : 171)   Bulge remover triggered 2 times
  0:00:12.753    17M / 1065M INFO   Simplification           (parallel_processing.hpp   : 168)   Running Low coverage edge remover
  0:00:12.754    17M / 1065M INFO   Simplification           (parallel_processing.hpp   : 171)   Low coverage edge remover triggered 1 times
  0:00:12.754    17M / 1065M INFO    General                 (simplification.cpp        : 402)   PROCEDURE == Simplification cycle, iteration 7
  0:00:12.755    17M / 1065M INFO   Simplification           (parallel_processing.hpp   : 168)   Running Tip clipper
  0:00:12.756    17M / 1065M INFO   Simplification           (parallel_processing.hpp   : 171)   Tip clipper triggered 0 times
  0:00:12.756    17M / 1065M INFO   Simplification           (parallel_processing.hpp   : 168)   Running Bulge remover
  0:00:12.756    17M / 1065M INFO   Simplification           (parallel_processing.hpp   : 171)   Bulge remover triggered 0 times
  0:00:12.756    17M / 1065M INFO   Simplification           (parallel_processing.hpp   : 168)   Running Low coverage edge remover
  0:00:12.756    17M / 1065M INFO   Simplification           (parallel_processing.hpp   : 171)   Low coverage edge remover triggered 1 times
  0:00:12.757    17M / 1065M INFO    General                 (simplification.cpp        : 402)   PROCEDURE == Simplification cycle, iteration 8
  0:00:12.757    17M / 1065M INFO   Simplification           (parallel_processing.hpp   : 168)   Running Tip clipper
  0:00:12.757    17M / 1065M INFO   Simplification           (parallel_processing.hpp   : 171)   Tip clipper triggered 0 times
  0:00:12.757    17M / 1065M INFO   Simplification           (parallel_processing.hpp   : 168)   Running Bulge remover
  0:00:12.757    17M / 1065M INFO   Simplification           (parallel_processing.hpp   : 171)   Bulge remover triggered 0 times
  0:00:12.757    17M / 1065M INFO   Simplification           (parallel_processing.hpp   : 168)   Running Low coverage edge remover
  0:00:12.757    17M / 1065M INFO   Simplification           (parallel_processing.hpp   : 171)   Low coverage edge remover triggered 0 times
  0:00:12.757    17M / 1065M INFO    General                 (simplification.cpp        : 402)   PROCEDURE == Simplification cycle, iteration 9
  0:00:12.757    17M / 1065M INFO   Simplification           (parallel_processing.hpp   : 168)   Running Tip clipper
  0:00:12.757    17M / 1065M INFO   Simplification           (parallel_processing.hpp   : 171)   Tip clipper triggered 0 times
  0:00:12.757    17M / 1065M INFO   Simplification           (parallel_processing.hpp   : 168)   Running Bulge remover
  0:00:12.757    17M / 1065M INFO   Simplification           (parallel_processing.hpp   : 171)   Bulge remover triggered 0 times
  0:00:12.757    17M / 1065M INFO   Simplification           (parallel_processing.hpp   : 168)   Running Low coverage edge remover
  0:00:12.757    17M / 1065M INFO   Simplification           (parallel_processing.hpp   : 171)   Low coverage edge remover triggered 0 times
  0:00:12.758    17M / 1065M INFO    General                 (simplification.cpp        : 402)   PROCEDURE == Simplification cycle, iteration 10
  0:00:12.758    17M / 1065M INFO   Simplification           (parallel_processing.hpp   : 168)   Running Tip clipper
  0:00:12.758    17M / 1065M INFO   Simplification           (parallel_processing.hpp   : 171)   Tip clipper triggered 0 times
  0:00:12.758    17M / 1065M INFO   Simplification           (parallel_processing.hpp   : 168)   Running Bulge remover
  0:00:12.758    17M / 1065M INFO   Simplification           (parallel_processing.hpp   : 171)   Bulge remover triggered 0 times
  0:00:12.758    17M / 1065M INFO   Simplification           (parallel_processing.hpp   : 168)   Running Low coverage edge remover
  0:00:12.758    17M / 1065M INFO   Simplification           (parallel_processing.hpp   : 171)   Low coverage edge remover triggered 0 times
  0:00:12.758    17M / 1065M INFO    General                 (simplification.cpp        : 402)   PROCEDURE == Simplification cycle, iteration 11
  0:00:12.758    17M / 1065M INFO   Simplification           (parallel_processing.hpp   : 168)   Running Tip clipper
  0:00:12.758    17M / 1065M INFO   Simplification           (parallel_processing.hpp   : 171)   Tip clipper triggered 1 times
  0:00:12.758    17M / 1065M INFO   Simplification           (parallel_processing.hpp   : 168)   Running Bulge remover
  0:00:12.758    17M / 1065M INFO   Simplification           (parallel_processing.hpp   : 171)   Bulge remover triggered 0 times
  0:00:12.758    17M / 1065M INFO   Simplification           (parallel_processing.hpp   : 168)   Running Low coverage edge remover
  0:00:12.758    17M / 1065M INFO   Simplification           (parallel_processing.hpp   : 171)   Low coverage edge remover triggered 0 times
  0:00:12.758    17M / 1065M INFO    General                 (simplification.cpp        : 402)   PROCEDURE == Simplification cycle, iteration 12
  0:00:12.758    17M / 1065M INFO   Simplification           (parallel_processing.hpp   : 168)   Running Tip clipper
  0:00:12.758    17M / 1065M INFO   Simplification           (parallel_processing.hpp   : 171)   Tip clipper triggered 0 times
  0:00:12.758    17M / 1065M INFO   Simplification           (parallel_processing.hpp   : 168)   Running Bulge remover
  0:00:12.758    17M / 1065M INFO   Simplification           (parallel_processing.hpp   : 171)   Bulge remover triggered 0 times
  0:00:12.759    17M / 1065M INFO   Simplification           (parallel_processing.hpp   : 168)   Running Low coverage edge remover
  0:00:12.759    17M / 1065M INFO   Simplification           (parallel_processing.hpp   : 171)   Low coverage edge remover triggered 0 times
  0:00:12.759    17M / 1065M INFO   StageManager             (stage.cpp                 : 210)   STAGE == Gap Closer (id: late_gapcloser)
  0:00:12.762    30M / 1065M INFO    General                 (edge_index.hpp            : 132)   Size of edge index entries: 12/8
  0:00:12.765    30M / 1065M INFO    General                 (gap_closer.cpp            : 117)   Total edges in tip neighborhood: 205 out of 230, length: 11906
  0:00:12.765    30M / 1065M INFO    General                 (edge_index.hpp            : 196)   Using small index (max_id = 26014)
  0:00:12.766    30M / 1065M INFO   K-mer Index Building     (kmer_index_builder.hpp    : 460)   Building perfect hash indices
  0:00:12.768    30M / 1065M INFO   K-mer Index Building     (kmer_index_builder.hpp    : 496)   Index built. Total 6399 kmers, 5384 bytes occupied (6.73105 bits per kmer).
  0:00:12.768    30M / 1065M INFO    General                 (edge_index_builders.hpp   : 266)   Collecting edge information from graph, this takes a while.
  0:00:12.770    30M / 1065M INFO    General                 (sequence_mapper_notifier.h:  80)   Starting sequence mapping
  0:00:18.390    30M / 1065M INFO    General                 (sequence_mapper_notifier.h: 120)   Total 152824 reads processed
  0:00:18.393    30M / 1065M INFO    General                 (gap_closer.cpp            : 505)   Initializing gap closer
  0:00:18.393    30M / 1065M INFO   GapCloser                (gap_closer.cpp            : 421)   Collecting gap candidates
  0:00:18.393    30M / 1065M INFO   GapCloser                (gap_closer.cpp            : 425)   Total 0 tips collected, total 0 connection candidates
  0:00:18.394    30M / 1065M INFO   GapCloser                (gap_closer.cpp            : 446)   Closing short gaps complete: filled 0 gaps after checking 0 candidates
  0:00:18.394    30M / 1065M INFO    General                 (gap_closer.cpp            : 510)   Gap closer done
  0:00:18.394    17M / 1065M INFO   StageManager             (stage.cpp                 : 210)   STAGE == Simplification Cleanup (id: simplification_cleanup)
  0:00:18.395    17M / 1065M INFO    General                 (simplification.cpp        : 189)   PROCEDURE == Post simplification
  0:00:18.395    17M / 1065M INFO    General                 (graph_simplification.hpp  : 455)   Disconnection of relatively low covered edges disabled
  0:00:18.395    17M / 1065M INFO    General                 (graph_simplification.hpp  : 494)   Complex tip clipping disabled
  0:00:18.395    17M / 1065M INFO    General                 (graph_simplification.hpp  : 646)   Creating parallel br instance
  0:00:18.395    17M / 1065M INFO   Simplification           (parallel_processing.hpp   : 168)   Running Tip clipper
  0:00:18.395    17M / 1065M INFO   Simplification           (parallel_processing.hpp   : 171)   Tip clipper triggered 0 times
  0:00:18.395    17M / 1065M INFO   Simplification           (parallel_processing.hpp   : 168)   Running Bulge remover
  0:00:18.395    17M / 1065M INFO   Simplification           (parallel_processing.hpp   : 171)   Bulge remover triggered 0 times
  0:00:18.395    17M / 1065M INFO   Simplification           (parallel_processing.hpp   : 168)   Running Tip clipper
  0:00:18.395    17M / 1065M INFO   Simplification           (parallel_processing.hpp   : 171)   Tip clipper triggered 0 times
  0:00:18.395    17M / 1065M INFO   Simplification           (parallel_processing.hpp   : 168)   Running Bulge remover
  0:00:18.396    17M / 1065M INFO   Simplification           (parallel_processing.hpp   : 171)   Bulge remover triggered 0 times
  0:00:18.396    17M / 1065M INFO    General                 (simplification.cpp        : 348)   Disrupting self-conjugate edges
  0:00:18.396    17M / 1065M INFO   Simplification           (parallel_processing.hpp   : 168)   Running Removing isolated edges
  0:00:18.396    17M / 1065M INFO   Simplification           (parallel_processing.hpp   : 171)   Removing isolated edges triggered 100 times
  0:00:18.396    17M / 1065M INFO    General                 (simplification.cpp        : 358)   Removing all the edges having coverage 65.1055 and less
  0:00:18.397    17M / 1065M INFO    General                 (simplification.cpp        : 508)   After simplification:
  0:00:18.398    17M / 1065M INFO    General                 (simplification.cpp        : 509)     Average coverage = 1469.16
  0:00:18.398    17M / 1065M INFO    General                 (simplification.cpp        : 510)     Total length = 29844
  0:00:18.399    17M / 1065M INFO    General                 (simplification.cpp        : 511)     Median edge length: 28951
  0:00:18.400    17M / 1065M INFO    General                 (simplification.cpp        : 512)     Edges: 6
  0:00:18.400    17M / 1065M INFO    General                 (simplification.cpp        : 513)     Vertices: 6
  0:00:18.400    17M / 1065M INFO   StageManager             (stage.cpp                 : 210)   STAGE == Contig Output (id: contig_output)
  0:00:18.400    17M / 1065M INFO    General                 (read_converter.cpp        : 135)   Outputting contigs to "/workspaces/Bioinfo_PPGSis_2026.1/1_dados/1.brutos/aula_04/spades/K77/simplified_contigs"
  0:00:18.403    20M / 1065M INFO    General                 (binary_converter.cpp      : 143)   3 reads written
  0:00:18.405    17M / 1065M INFO    General                 (pipeline.cpp              : 305)   SPAdes finished
  0:00:18.429     1M / 1065M INFO    General                 (main.cpp                  : 131)   Assembling time: 0 hours 0 minutes 18 seconds

===== K77 finished. 


===== K99 started. 


== Running: /home/vscode/miniforge3/envs/bioinfo/bin/spades-core /workspaces/Bioinfo_PPGSis_2026.1/1_dados/1.brutos/aula_04/spades/K99/configs/config.info

  0:00:00.000     1M / 19M   INFO    General                 (main.cpp                  :  94)   Loaded config from "/workspaces/Bioinfo_PPGSis_2026.1/1_dados/1.brutos/aula_04/spades/K99/configs/config.info"
  0:00:00.003     1M / 19M   INFO    General                 (memory_limit.cpp          :  55)   Memory limit set to 7 Gb
  0:00:00.011     1M / 19M   INFO    General                 (main.cpp                  : 102)   Starting SPAdes, built from N/A, git revision N/A
  0:00:00.019     1M / 19M   INFO    General                 (main.cpp                  : 103)   Maximum k-mer length: 128
  0:00:00.022     1M / 19M   INFO    General                 (main.cpp                  : 104)   Assembling dataset ("/workspaces/Bioinfo_PPGSis_2026.1/1_dados/1.brutos/aula_04/spades/dataset.info") with K=99
  0:00:00.027     1M / 19M   INFO    General                 (main.cpp                  : 105)   Maximum # of threads to use (adjusted due to OMP capabilities): 2
  0:00:00.032     1M / 19M   INFO    General                 (pipeline.cpp              : 221)   SPAdes started
  0:00:00.035     1M / 19M   INFO    General                 (pipeline.cpp              : 234)   Starting from stage: read_conversion
  0:00:00.038     1M / 19M   INFO    General                 (pipeline.cpp              : 245)   Two-step repeat resolution disabled
  0:00:00.040     1M / 19M   INFO   GraphCore                (graph_core.hpp            : 582)   Graph created, vertex min_id: 3, edge min_id: 3
  0:00:00.042     1M / 19M   INFO   GraphCore                (graph_core.hpp            : 583)   Vertex size: 48, edge size: 40
  0:00:00.044     1M / 19M   INFO    General                 (edge_index.hpp            : 132)   Size of edge index entries: 12/8
  0:00:00.047     1M / 19M   INFO    General                 (pipeline.cpp              : 256)   Will need read mapping, kmer mapper will be attached
  0:00:00.049     1M / 19M   INFO   StageManager             (stage.cpp                 : 210)   STAGE == Binary Read Conversion (id: read_conversion)
  0:00:00.051     1M / 19M   INFO    General                 (read_converter.cpp        :  57)   Binary reads detected
  0:00:00.079     1M / 19M   INFO   StageManager             (stage.cpp                 : 210)   STAGE == de Bruijn graph construction (id: construction)
  0:00:00.082     1M / 19M   INFO    General                 (construction.cpp          : 115)   Contigs from previous K will be used: /workspaces/Bioinfo_PPGSis_2026.1/1_dados/1.brutos/aula_04/spades/K77/simplified_contigs
  0:00:00.088     1M / 19M   INFO    General                 (construction.cpp          : 150)   Max read length 251
  0:00:00.088     1M / 19M   INFO    General                 (construction.cpp          : 156)   Average read length 220.665
  0:00:00.089     1M / 19M   INFO    General                 (stage.cpp                 : 120)   PROCEDURE == k+1-mer counting (id: construction:kpomer_counting)
  0:00:00.089     1M / 19M   INFO    General                 (kmer_index_builder.hpp    : 308)   Splitting kmer instances into 20 files using 2 threads. This might take a while.
  0:00:00.094     1M / 19M   INFO    General                 (file_limit.hpp            :  43)   Open file limit set to 524288
  0:00:00.095     1M / 19M   INFO    General                 (kmer_splitter.hpp         :  96)   Memory available for splitting buffers: 1.16664 Gb
  0:00:00.095     1M / 19M   INFO    General                 (kmer_splitter.hpp         : 104)   Using cell size of 838860
  0:00:03.240  1161M / 1161M INFO    General                 (kmer_splitters.hpp        : 128)   Processed 523764 reads
  0:00:03.678  1161M / 1161M INFO    General                 (kmer_splitters.hpp        : 128)   Processed 611326 reads
  0:00:03.678     1M / 1118M INFO    General                 (kmer_splitters.hpp        : 134)   Used 611326 reads
  0:00:03.729     1M / 1118M INFO    General                 (kmer_index_builder.hpp    : 314)   Starting k-mer counting.
  0:00:03.745     1M / 1118M INFO    General                 (kmer_index_builder.hpp    : 325)   K-mer counting done. There are 253612 kmers in total.
  0:00:03.746     1M / 1118M INFO    General                 (stage.cpp                 : 120)   PROCEDURE == Extension index construction (id: construction:extension_index_construction)
  0:00:03.747     1M / 1118M INFO   K-mer Index Building     (kmer_index_builder.hpp    : 503)   Building kmer index
  0:00:03.747     1M / 1118M INFO    General                 (kmer_index_builder.hpp    : 308)   Splitting kmer instances into 20 files using 2 threads. This might take a while.
  0:00:03.748     1M / 1118M INFO    General                 (file_limit.hpp            :  43)   Open file limit set to 524288
  0:00:03.748     1M / 1118M INFO    General                 (kmer_splitter.hpp         :  96)   Memory available for splitting buffers: 1.16662 Gb
  0:00:03.748     1M / 1118M INFO    General                 (kmer_splitter.hpp         : 104)   Using cell size of 838860
  0:00:03.815  1161M / 1161M INFO    General                 (kmer_splitters.hpp        : 197)   Processed 253612 kmers
  0:00:03.816  1161M / 1161M INFO    General                 (kmer_splitters.hpp        : 202)   Used 253612 kmers.
  0:00:03.816     1M / 1118M INFO    General                 (kmer_index_builder.hpp    : 314)   Starting k-mer counting.
  0:00:03.841     1M / 1118M INFO    General                 (kmer_index_builder.hpp    : 325)   K-mer counting done. There are 252823 kmers in total.
  0:00:03.842     1M / 1118M INFO   K-mer Index Building     (kmer_index_builder.hpp    : 460)   Building perfect hash indices
  0:00:03.886     1M / 1118M INFO   K-mer Index Building     (kmer_index_builder.hpp    : 496)   Index built. Total 252823 kmers, 197736 bytes occupied (6.2569 bits per kmer).
  0:00:03.887     1M / 1118M INFO    General                 (kmer_index_builder.hpp    : 191)   Merging final buckets.
  0:00:03.912     1M / 1118M INFO   DeBruijnExtensionIndexBu (kmer_extension_index_build: 101)   Building k-mer extensions from k+1-mers
  0:00:03.969     1M / 1118M INFO   DeBruijnExtensionIndexBu (kmer_extension_index_build: 106)   Building k-mer extensions from k+1-mers finished.
  0:00:03.970     1M / 1118M INFO    General                 (stage.cpp                 : 120)   PROCEDURE == Condensing graph (id: construction:graph_condensing)
  0:00:03.973     1M / 1118M INFO   UnbranchingPathExtractor (debruijn_graph_constructor: 324)   Extracting unbranching paths
  0:00:04.040     2M / 1118M INFO   UnbranchingPathExtractor (debruijn_graph_constructor: 348)   Extracting unbranching paths finished. 12286 sequences extracted
  0:00:04.082     2M / 1118M INFO   UnbranchingPathExtractor (debruijn_graph_constructor: 362)   Collecting perfect loops
  0:00:04.097     2M / 1118M INFO   UnbranchingPathExtractor (debruijn_graph_constructor: 395)   Collecting perfect loops finished. 0 loops collected
  0:00:04.107     2M / 1118M INFO   DeBruijnGraphConstructor (debruijn_graph_constructor: 597)   Sorting edges...
  0:00:04.117     2M / 1118M INFO   DeBruijnGraphConstructor (debruijn_graph_constructor: 602)   Edges sorted
  0:00:04.117     2M / 1118M INFO    General                 (debruijn_graph_constructor: 511)   Total 24572 edges to create
  0:00:04.117     3M / 1118M INFO    General                 (debruijn_graph_constructor: 514)   Collecting link records
  0:00:04.132     3M / 1118M INFO    General                 (debruijn_graph_constructor: 521)   Total short graph edges: 0
  0:00:04.132     3M / 1118M INFO    General                 (debruijn_graph_constructor: 523)   Ordering link records
  0:00:04.134     3M / 1118M INFO    General                 (debruijn_graph_constructor: 529)   Sorting done
  0:00:04.134     3M / 1118M INFO    General                 (debruijn_graph_constructor: 542)   Sorting LinkRecords...
  0:00:04.135     3M / 1118M INFO    General                 (debruijn_graph_constructor: 548)   LinkRecords sorted
  0:00:04.135     3M / 1118M INFO    General                 (debruijn_graph_constructor: 550)   Total 11497 vertices to create
  0:00:04.135     5M / 1118M INFO    General                 (debruijn_graph_constructor: 553)   Connecting the graph
  0:00:04.137     4M / 1118M INFO    General                 (stage.cpp                 : 120)   PROCEDURE == Filling coverage indices (PHM) (id: construction:coverage_filling_phm)
  0:00:04.137     4M / 1118M INFO   K-mer Index Building     (kmer_index_builder.hpp    : 460)   Building perfect hash indices
  0:00:04.167     4M / 1118M INFO   K-mer Index Building     (kmer_index_builder.hpp    : 496)   Index built. Total 253612 kmers, 198336 bytes occupied (6.25636 bits per kmer).
  0:00:04.167     5M / 1118M INFO    General                 (coverage_hash_map_builder.:  49)   Collecting k-mer coverage information from reads, this takes a while.
  0:00:06.573     5M / 1118M INFO    General                 (construction.cpp          : 400)   Filling coverage and flanking coverage from PHM
  0:00:06.642     5M / 1118M INFO    General                 (coverage_filling.hpp      :  83)   Processed 24570 edges
  0:00:06.652     3M / 1118M INFO   StageManager             (stage.cpp                 : 210)   STAGE == EC Threshold Finding (id: ec_threshold_finder)
  0:00:06.653     4M / 1118M INFO    General                 (kmer_coverage_model.cpp   : 182)   Kmer coverage valley at: 9
  0:00:06.653     3M / 1118M INFO    General                 (kmer_coverage_model.cpp   : 202)   K-mer histogram maximum: 11
  0:00:06.653     3M / 1118M INFO    General                 (kmer_coverage_model.cpp   : 238)   Estimated median coverage: 12. Coverage mad: 2.9652
  0:00:06.653     3M / 1118M INFO    General                 (kmer_coverage_model.cpp   : 260)   Fitting coverage model
  0:00:06.680     4M / 1118M INFO    General                 (kmer_coverage_model.cpp   : 296)   ... iteration 2
  0:00:06.739     4M / 1118M INFO    General                 (kmer_coverage_model.cpp   : 296)   ... iteration 4
  0:00:06.984     4M / 1118M INFO    General                 (kmer_coverage_model.cpp   : 296)   ... iteration 8
  0:00:07.480     4M / 1118M INFO    General                 (kmer_coverage_model.cpp   : 296)   ... iteration 16
  0:00:07.827     4M / 1118M INFO    General                 (kmer_coverage_model.cpp   : 310)   Fitted mean coverage: 6.73549. Fitted coverage std. dev: 5.38463
  0:00:07.828     4M / 1118M INFO    General                 (kmer_coverage_model.cpp   : 335)   Probability of erroneous kmer at valley: 0.00374067
  0:00:07.828     4M / 1118M INFO    General                 (kmer_coverage_model.cpp   : 359)   Preliminary threshold calculated as: 9
  0:00:07.828     4M / 1118M INFO    General                 (kmer_coverage_model.cpp   : 363)   Threshold adjusted to: 9
  0:00:07.828     4M / 1118M INFO    General                 (kmer_coverage_model.cpp   : 376)   Estimated genome size (ignoring repeats): 5342
  0:00:07.828     3M / 1118M INFO    General                 (genomic_info_filler.cpp   :  56)   Mean coverage was calculated as 6.73549
  0:00:07.828     3M / 1118M INFO    General                 (genomic_info_filler.cpp   :  71)   EC coverage threshold value was calculated as 9
  0:00:07.828     3M / 1118M INFO    General                 (genomic_info_filler.cpp   :  72)   Trusted kmer low bound: 55.1357
  0:00:07.828     3M / 1118M INFO   StageManager             (stage.cpp                 : 210)   STAGE == Gap Closer (id: early_gapcloser)
  0:00:07.832    17M / 1118M INFO    General                 (edge_index.hpp            : 132)   Size of edge index entries: 12/8
  0:00:07.834    17M / 1118M INFO    General                 (gap_closer.cpp            : 117)   Total edges in tip neighborhood: 5292 out of 24570, length: 137487
  0:00:07.835    17M / 1118M INFO    General                 (edge_index.hpp            : 196)   Using small index (max_id = 24697)
  0:00:07.843    17M / 1118M INFO   K-mer Index Building     (kmer_index_builder.hpp    : 460)   Building perfect hash indices
  0:00:07.879    17M / 1118M INFO   K-mer Index Building     (kmer_index_builder.hpp    : 496)   Index built. Total 129827 kmers, 94512 bytes occupied (5.82387 bits per kmer).
  0:00:07.879    18M / 1118M INFO    General                 (edge_index_builders.hpp   : 266)   Collecting edge information from graph, this takes a while.
  0:00:07.893    18M / 1118M INFO    General                 (sequence_mapper_notifier.h:  80)   Starting sequence mapping
  0:00:11.524    18M / 1118M INFO    General                 (sequence_mapper_notifier.h: 120)   Total 152824 reads processed
  0:00:11.528    17M / 1118M INFO    General                 (gap_closer.cpp            : 505)   Initializing gap closer
  0:00:11.528    17M / 1118M INFO   GapCloser                (gap_closer.cpp            : 421)   Collecting gap candidates
  0:00:11.529    17M / 1118M INFO   GapCloser                (gap_closer.cpp            : 425)   Total 4 tips collected, total 4 connection candidates
  0:00:11.530    17M / 1118M INFO   GapCloser                (gap_closer.cpp            : 446)   Closing short gaps complete: filled 0 gaps after checking 4 candidates
  0:00:11.530    17M / 1118M INFO    General                 (gap_closer.cpp            : 510)   Gap closer done
  0:00:11.531     3M / 1118M INFO   StageManager             (stage.cpp                 : 210)   STAGE == Raw Simplification (id: raw_simplification)
  0:00:11.531     3M / 1118M INFO    General                 (simplification.cpp        : 129)   PROCEDURE == Initial cleaning
  0:00:11.532     3M / 1118M INFO    General                 (simplification.cpp        :  68)   Most init cleaning disabled since detected mean 6.73549 was less than activation coverage 10
  0:00:11.532     3M / 1118M INFO   Simplification           (parallel_processing.hpp   : 168)   Running Self conjugate edge remover
  0:00:11.532     3M / 1118M INFO   Simplification           (parallel_processing.hpp   : 171)   Self conjugate edge remover triggered 0 times
  0:00:11.532     3M / 1118M INFO   StageManager             (stage.cpp                 : 210)   STAGE == Simplification (id: simplification)
  0:00:11.532     3M / 1118M INFO    General                 (simplification.cpp        : 397)   Graph simplification started
  0:00:11.532     3M / 1118M INFO    General                 (graph_simplification.hpp  : 646)   Creating parallel br instance
  0:00:11.532     3M / 1118M INFO    General                 (simplification.cpp        : 402)   PROCEDURE == Simplification cycle, iteration 1
  0:00:11.532     3M / 1118M INFO   Simplification           (parallel_processing.hpp   : 168)   Running Tip clipper
  0:00:11.551     3M / 1118M INFO   Simplification           (parallel_processing.hpp   : 171)   Tip clipper triggered 4925 times
  0:00:11.552     3M / 1118M INFO   Simplification           (parallel_processing.hpp   : 168)   Running Bulge remover
  0:00:11.688    16M / 1118M INFO   Simplification           (parallel_processing.hpp   : 171)   Bulge remover triggered 820 times
  0:00:11.688    16M / 1118M INFO   Simplification           (parallel_processing.hpp   : 168)   Running Low coverage edge remover
  0:00:11.689    16M / 1118M INFO   Simplification           (parallel_processing.hpp   : 171)   Low coverage edge remover triggered 0 times
  0:00:11.689    16M / 1118M INFO    General                 (simplification.cpp        : 402)   PROCEDURE == Simplification cycle, iteration 2
  0:00:11.689    16M / 1118M INFO   Simplification           (parallel_processing.hpp   : 168)   Running Tip clipper
  0:00:11.689    16M / 1118M INFO   Simplification           (parallel_processing.hpp   : 171)   Tip clipper triggered 3 times
  0:00:11.689    16M / 1118M INFO   Simplification           (parallel_processing.hpp   : 168)   Running Bulge remover
  0:00:11.689    16M / 1118M INFO   Simplification           (parallel_processing.hpp   : 171)   Bulge remover triggered 0 times
  0:00:11.689    16M / 1118M INFO   Simplification           (parallel_processing.hpp   : 168)   Running Low coverage edge remover
  0:00:11.690    16M / 1118M INFO   Simplification           (parallel_processing.hpp   : 171)   Low coverage edge remover triggered 82 times
  0:00:11.691    16M / 1118M INFO    General                 (simplification.cpp        : 402)   PROCEDURE == Simplification cycle, iteration 3
  0:00:11.691    16M / 1118M INFO   Simplification           (parallel_processing.hpp   : 168)   Running Tip clipper
  0:00:11.691    16M / 1118M INFO   Simplification           (parallel_processing.hpp   : 171)   Tip clipper triggered 4 times
  0:00:11.691    16M / 1118M INFO   Simplification           (parallel_processing.hpp   : 168)   Running Bulge remover
  0:00:11.695    16M / 1118M INFO   Simplification           (parallel_processing.hpp   : 171)   Bulge remover triggered 16 times
  0:00:11.695    16M / 1118M INFO   Simplification           (parallel_processing.hpp   : 168)   Running Low coverage edge remover
  0:00:11.696    16M / 1118M INFO   Simplification           (parallel_processing.hpp   : 171)   Low coverage edge remover triggered 21 times
  0:00:11.696    16M / 1118M INFO    General                 (simplification.cpp        : 402)   PROCEDURE == Simplification cycle, iteration 4
  0:00:11.697    16M / 1118M INFO   Simplification           (parallel_processing.hpp   : 168)   Running Tip clipper
  0:00:11.697    16M / 1118M INFO   Simplification           (parallel_processing.hpp   : 171)   Tip clipper triggered 0 times
  0:00:11.698    16M / 1118M INFO   Simplification           (parallel_processing.hpp   : 168)   Running Bulge remover
  0:00:11.699    16M / 1118M INFO   Simplification           (parallel_processing.hpp   : 171)   Bulge remover triggered 3 times
  0:00:11.699    16M / 1118M INFO   Simplification           (parallel_processing.hpp   : 168)   Running Low coverage edge remover
  0:00:11.700    16M / 1118M INFO   Simplification           (parallel_processing.hpp   : 171)   Low coverage edge remover triggered 8 times
  0:00:11.701    16M / 1118M INFO    General                 (simplification.cpp        : 402)   PROCEDURE == Simplification cycle, iteration 5
  0:00:11.701    16M / 1118M INFO   Simplification           (parallel_processing.hpp   : 168)   Running Tip clipper
  0:00:11.703    16M / 1118M INFO   Simplification           (parallel_processing.hpp   : 171)   Tip clipper triggered 0 times
  0:00:11.703    16M / 1118M INFO   Simplification           (parallel_processing.hpp   : 168)   Running Bulge remover
  0:00:11.703    16M / 1118M INFO   Simplification           (parallel_processing.hpp   : 171)   Bulge remover triggered 1 times
  0:00:11.703    16M / 1118M INFO   Simplification           (parallel_processing.hpp   : 168)   Running Low coverage edge remover
  0:00:11.703    16M / 1118M INFO   Simplification           (parallel_processing.hpp   : 171)   Low coverage edge remover triggered 1 times
  0:00:11.703    16M / 1118M INFO    General                 (simplification.cpp        : 402)   PROCEDURE == Simplification cycle, iteration 6
  0:00:11.703    16M / 1118M INFO   Simplification           (parallel_processing.hpp   : 168)   Running Tip clipper
  0:00:11.703    16M / 1118M INFO   Simplification           (parallel_processing.hpp   : 171)   Tip clipper triggered 0 times
  0:00:11.703    16M / 1118M INFO   Simplification           (parallel_processing.hpp   : 168)   Running Bulge remover
  0:00:11.703    16M / 1118M INFO   Simplification           (parallel_processing.hpp   : 171)   Bulge remover triggered 2 times
  0:00:11.704    16M / 1118M INFO   Simplification           (parallel_processing.hpp   : 168)   Running Low coverage edge remover
  0:00:11.704    16M / 1118M INFO   Simplification           (parallel_processing.hpp   : 171)   Low coverage edge remover triggered 1 times
  0:00:11.704    16M / 1118M INFO    General                 (simplification.cpp        : 402)   PROCEDURE == Simplification cycle, iteration 7
  0:00:11.704    16M / 1118M INFO   Simplification           (parallel_processing.hpp   : 168)   Running Tip clipper
  0:00:11.704    16M / 1118M INFO   Simplification           (parallel_processing.hpp   : 171)   Tip clipper triggered 0 times
  0:00:11.705    16M / 1118M INFO   Simplification           (parallel_processing.hpp   : 168)   Running Bulge remover
  0:00:11.705    16M / 1118M INFO   Simplification           (parallel_processing.hpp   : 171)   Bulge remover triggered 0 times
  0:00:11.705    16M / 1118M INFO   Simplification           (parallel_processing.hpp   : 168)   Running Low coverage edge remover
  0:00:11.705    16M / 1118M INFO   Simplification           (parallel_processing.hpp   : 171)   Low coverage edge remover triggered 1 times
  0:00:11.705    16M / 1118M INFO    General                 (simplification.cpp        : 402)   PROCEDURE == Simplification cycle, iteration 8
  0:00:11.706    16M / 1118M INFO   Simplification           (parallel_processing.hpp   : 168)   Running Tip clipper
  0:00:11.706    16M / 1118M INFO   Simplification           (parallel_processing.hpp   : 171)   Tip clipper triggered 0 times
  0:00:11.707    16M / 1118M INFO   Simplification           (parallel_processing.hpp   : 168)   Running Bulge remover
  0:00:11.707    16M / 1118M INFO   Simplification           (parallel_processing.hpp   : 171)   Bulge remover triggered 0 times
  0:00:11.707    16M / 1118M INFO   Simplification           (parallel_processing.hpp   : 168)   Running Low coverage edge remover
  0:00:11.708    16M / 1118M INFO   Simplification           (parallel_processing.hpp   : 171)   Low coverage edge remover triggered 0 times
  0:00:11.708    16M / 1118M INFO    General                 (simplification.cpp        : 402)   PROCEDURE == Simplification cycle, iteration 9
  0:00:11.709    16M / 1118M INFO   Simplification           (parallel_processing.hpp   : 168)   Running Tip clipper
  0:00:11.709    16M / 1118M INFO   Simplification           (parallel_processing.hpp   : 171)   Tip clipper triggered 0 times
  0:00:11.709    16M / 1118M INFO   Simplification           (parallel_processing.hpp   : 168)   Running Bulge remover
  0:00:11.710    16M / 1118M INFO   Simplification           (parallel_processing.hpp   : 171)   Bulge remover triggered 0 times
  0:00:11.710    16M / 1118M INFO   Simplification           (parallel_processing.hpp   : 168)   Running Low coverage edge remover
  0:00:11.710    16M / 1118M INFO   Simplification           (parallel_processing.hpp   : 171)   Low coverage edge remover triggered 0 times
  0:00:11.710    16M / 1118M INFO    General                 (simplification.cpp        : 402)   PROCEDURE == Simplification cycle, iteration 10
  0:00:11.710    16M / 1118M INFO   Simplification           (parallel_processing.hpp   : 168)   Running Tip clipper
  0:00:11.710    16M / 1118M INFO   Simplification           (parallel_processing.hpp   : 171)   Tip clipper triggered 0 times
  0:00:11.711    16M / 1118M INFO   Simplification           (parallel_processing.hpp   : 168)   Running Bulge remover
  0:00:11.711    16M / 1118M INFO   Simplification           (parallel_processing.hpp   : 171)   Bulge remover triggered 0 times
  0:00:11.711    16M / 1118M INFO   Simplification           (parallel_processing.hpp   : 168)   Running Low coverage edge remover
  0:00:11.711    16M / 1118M INFO   Simplification           (parallel_processing.hpp   : 171)   Low coverage edge remover triggered 1 times
  0:00:11.711    16M / 1118M INFO    General                 (simplification.cpp        : 402)   PROCEDURE == Simplification cycle, iteration 11
  0:00:11.711    16M / 1118M INFO   Simplification           (parallel_processing.hpp   : 168)   Running Tip clipper
  0:00:11.711    16M / 1118M INFO   Simplification           (parallel_processing.hpp   : 171)   Tip clipper triggered 0 times
  0:00:11.711    16M / 1118M INFO   Simplification           (parallel_processing.hpp   : 168)   Running Bulge remover
  0:00:11.711    16M / 1118M INFO   Simplification           (parallel_processing.hpp   : 171)   Bulge remover triggered 0 times
  0:00:11.712    16M / 1118M INFO   Simplification           (parallel_processing.hpp   : 168)   Running Low coverage edge remover
  0:00:11.713    16M / 1118M INFO   Simplification           (parallel_processing.hpp   : 171)   Low coverage edge remover triggered 0 times
  0:00:11.713    16M / 1118M INFO   StageManager             (stage.cpp                 : 210)   STAGE == Gap Closer (id: late_gapcloser)
  0:00:11.715    29M / 1118M INFO    General                 (edge_index.hpp            : 132)   Size of edge index entries: 12/8
  0:00:11.716    29M / 1118M INFO    General                 (gap_closer.cpp            : 117)   Total edges in tip neighborhood: 339 out of 350, length: 15978
  0:00:11.716    29M / 1118M INFO    General                 (edge_index.hpp            : 196)   Using small index (max_id = 24697)
  0:00:11.719    29M / 1118M INFO   K-mer Index Building     (kmer_index_builder.hpp    : 460)   Building perfect hash indices
  0:00:11.721    29M / 1118M INFO   K-mer Index Building     (kmer_index_builder.hpp    : 496)   Index built. Total 8435 kmers, 6856 bytes occupied (6.50243 bits per kmer).
  0:00:11.721    30M / 1118M INFO    General                 (edge_index_builders.hpp   : 266)   Collecting edge information from graph, this takes a while.
  0:00:11.722    30M / 1118M INFO    General                 (sequence_mapper_notifier.h:  80)   Starting sequence mapping
  0:00:16.690    30M / 1118M INFO    General                 (sequence_mapper_notifier.h: 120)   Total 152824 reads processed
  0:00:16.698    29M / 1118M INFO    General                 (gap_closer.cpp            : 505)   Initializing gap closer
  0:00:16.702    29M / 1118M INFO   GapCloser                (gap_closer.cpp            : 421)   Collecting gap candidates
  0:00:16.708    29M / 1118M INFO   GapCloser                (gap_closer.cpp            : 425)   Total 0 tips collected, total 0 connection candidates
  0:00:16.710    29M / 1118M INFO   GapCloser                (gap_closer.cpp            : 446)   Closing short gaps complete: filled 0 gaps after checking 0 candidates
  0:00:16.711    29M / 1118M INFO    General                 (gap_closer.cpp            : 510)   Gap closer done
  0:00:16.711    16M / 1118M INFO   StageManager             (stage.cpp                 : 210)   STAGE == Simplification Cleanup (id: simplification_cleanup)
  0:00:16.711    16M / 1118M INFO    General                 (simplification.cpp        : 189)   PROCEDURE == Post simplification
  0:00:16.711    16M / 1118M INFO    General                 (graph_simplification.hpp  : 455)   Disconnection of relatively low covered edges disabled
  0:00:16.711    16M / 1118M INFO    General                 (graph_simplification.hpp  : 494)   Complex tip clipping disabled
  0:00:16.711    16M / 1118M INFO    General                 (graph_simplification.hpp  : 646)   Creating parallel br instance
  0:00:16.711    16M / 1118M INFO   Simplification           (parallel_processing.hpp   : 168)   Running Tip clipper
  0:00:16.712    16M / 1118M INFO   Simplification           (parallel_processing.hpp   : 171)   Tip clipper triggered 0 times
  0:00:16.712    16M / 1118M INFO   Simplification           (parallel_processing.hpp   : 168)   Running Bulge remover
  0:00:16.713    16M / 1118M INFO   Simplification           (parallel_processing.hpp   : 171)   Bulge remover triggered 0 times
  0:00:16.713    16M / 1118M INFO   Simplification           (parallel_processing.hpp   : 168)   Running Tip clipper
  0:00:16.713    16M / 1118M INFO   Simplification           (parallel_processing.hpp   : 171)   Tip clipper triggered 0 times
  0:00:16.713    16M / 1118M INFO   Simplification           (parallel_processing.hpp   : 168)   Running Bulge remover
  0:00:16.714    16M / 1118M INFO   Simplification           (parallel_processing.hpp   : 171)   Bulge remover triggered 0 times
  0:00:16.714    16M / 1118M INFO    General                 (simplification.cpp        : 348)   Disrupting self-conjugate edges
  0:00:16.714    16M / 1118M INFO   Simplification           (parallel_processing.hpp   : 168)   Running Removing isolated edges
  0:00:16.714    16M / 1118M INFO   Simplification           (parallel_processing.hpp   : 171)   Removing isolated edges triggered 169 times
  0:00:16.716    16M / 1118M INFO    General                 (simplification.cpp        : 358)   Removing all the edges having coverage 55.1357 and less
  0:00:16.718    16M / 1118M INFO    General                 (simplification.cpp        : 508)   After simplification:
  0:00:16.719    16M / 1118M INFO    General                 (simplification.cpp        : 509)     Average coverage = 1248.95
  0:00:16.719    16M / 1118M INFO    General                 (simplification.cpp        : 510)     Total length = 29844
  0:00:16.719    16M / 1118M INFO    General                 (simplification.cpp        : 511)     Median edge length: 28951
  0:00:16.719    16M / 1118M INFO    General                 (simplification.cpp        : 512)     Edges: 6
  0:00:16.719    16M / 1118M INFO    General                 (simplification.cpp        : 513)     Vertices: 6
  0:00:16.720    16M / 1118M INFO   StageManager             (stage.cpp                 : 210)   STAGE == Contig Output (id: contig_output)
  0:00:16.720    16M / 1118M INFO    General                 (read_converter.cpp        : 135)   Outputting contigs to "/workspaces/Bioinfo_PPGSis_2026.1/1_dados/1.brutos/aula_04/spades/K99/simplified_contigs"
  0:00:16.722    19M / 1118M INFO    General                 (binary_converter.cpp      : 143)   3 reads written
  0:00:16.723    16M / 1118M INFO    General                 (pipeline.cpp              : 305)   SPAdes finished
  0:00:16.739     1M / 1118M INFO    General                 (main.cpp                  : 131)   Assembling time: 0 hours 0 minutes 16 seconds

===== K99 finished. 


===== K127 started. 


== Running: /home/vscode/miniforge3/envs/bioinfo/bin/spades-core /workspaces/Bioinfo_PPGSis_2026.1/1_dados/1.brutos/aula_04/spades/K127/configs/config.info

  0:00:00.000     1M / 19M   INFO    General                 (main.cpp                  :  94)   Loaded config from "/workspaces/Bioinfo_PPGSis_2026.1/1_dados/1.brutos/aula_04/spades/K127/configs/config.info"
  0:00:00.000     1M / 19M   INFO    General                 (memory_limit.cpp          :  55)   Memory limit set to 7 Gb
  0:00:00.000     1M / 19M   INFO    General                 (main.cpp                  : 102)   Starting SPAdes, built from N/A, git revision N/A
  0:00:00.000     1M / 19M   INFO    General                 (main.cpp                  : 103)   Maximum k-mer length: 128
  0:00:00.000     1M / 19M   INFO    General                 (main.cpp                  : 104)   Assembling dataset ("/workspaces/Bioinfo_PPGSis_2026.1/1_dados/1.brutos/aula_04/spades/dataset.info") with K=127
  0:00:00.000     1M / 19M   INFO    General                 (main.cpp                  : 105)   Maximum # of threads to use (adjusted due to OMP capabilities): 2
  0:00:00.000     1M / 19M   INFO    General                 (pipeline.cpp              : 221)   SPAdes started
  0:00:00.000     1M / 19M   INFO    General                 (pipeline.cpp              : 234)   Starting from stage: read_conversion
  0:00:00.000     1M / 19M   INFO    General                 (pipeline.cpp              : 245)   Two-step repeat resolution disabled
  0:00:00.000     1M / 19M   INFO   GraphCore                (graph_core.hpp            : 582)   Graph created, vertex min_id: 3, edge min_id: 3
  0:00:00.000     1M / 19M   INFO   GraphCore                (graph_core.hpp            : 583)   Vertex size: 48, edge size: 40
  0:00:00.000     1M / 19M   INFO    General                 (edge_index.hpp            : 132)   Size of edge index entries: 12/8
  0:00:00.000     1M / 19M   INFO    General                 (pipeline.cpp              : 256)   Will need read mapping, kmer mapper will be attached
  0:00:00.000     1M / 19M   INFO   StageManager             (stage.cpp                 : 210)   STAGE == Binary Read Conversion (id: read_conversion)
  0:00:00.001     1M / 19M   INFO    General                 (read_converter.cpp        :  57)   Binary reads detected
  0:00:00.017     1M / 19M   INFO   StageManager             (stage.cpp                 : 210)   STAGE == de Bruijn graph construction (id: construction)
  0:00:00.017     1M / 19M   INFO    General                 (construction.cpp          : 115)   Contigs from previous K will be used: /workspaces/Bioinfo_PPGSis_2026.1/1_dados/1.brutos/aula_04/spades/K99/simplified_contigs
  0:00:00.017     1M / 19M   INFO    General                 (construction.cpp          : 150)   Max read length 251
  0:00:00.017     1M / 19M   INFO    General                 (construction.cpp          : 156)   Average read length 220.665
  0:00:00.017     1M / 19M   INFO    General                 (stage.cpp                 : 120)   PROCEDURE == k+1-mer counting (id: construction:kpomer_counting)
  0:00:00.017     1M / 19M   INFO    General                 (kmer_index_builder.hpp    : 308)   Splitting kmer instances into 20 files using 2 threads. This might take a while.
  0:00:00.018     1M / 19M   INFO    General                 (file_limit.hpp            :  43)   Open file limit set to 524288
  0:00:00.018     1M / 19M   INFO    General                 (kmer_splitter.hpp         :  96)   Memory available for splitting buffers: 1.16664 Gb
  0:00:00.018     1M / 19M   INFO    General                 (kmer_splitter.hpp         : 104)   Using cell size of 838860
  0:00:03.146  1161M / 1161M INFO    General                 (kmer_splitters.hpp        : 128)   Processed 611326 reads
  0:00:03.147     1M / 1058M INFO    General                 (kmer_splitters.hpp        : 134)   Used 611326 reads
  0:00:03.170     1M / 1058M INFO    General                 (kmer_index_builder.hpp    : 314)   Starting k-mer counting.
  0:00:03.184     1M / 1058M INFO    General                 (kmer_index_builder.hpp    : 325)   K-mer counting done. There are 265363 kmers in total.
  0:00:03.185     1M / 1058M INFO    General                 (stage.cpp                 : 120)   PROCEDURE == Extension index construction (id: construction:extension_index_construction)
  0:00:03.185     1M / 1058M INFO   K-mer Index Building     (kmer_index_builder.hpp    : 503)   Building kmer index
  0:00:03.186     1M / 1058M INFO    General                 (kmer_index_builder.hpp    : 308)   Splitting kmer instances into 20 files using 2 threads. This might take a while.
  0:00:03.187     1M / 1058M INFO    General                 (file_limit.hpp            :  43)   Open file limit set to 524288
  0:00:03.187     1M / 1058M INFO    General                 (kmer_splitter.hpp         :  96)   Memory available for splitting buffers: 1.16662 Gb
  0:00:03.187     1M / 1058M INFO    General                 (kmer_splitter.hpp         : 104)   Using cell size of 838860
  0:00:03.258  1161M / 1161M INFO    General                 (kmer_splitters.hpp        : 197)   Processed 265363 kmers
  0:00:03.258  1161M / 1161M INFO    General                 (kmer_splitters.hpp        : 202)   Used 265363 kmers.
  0:00:03.258     1M / 1058M INFO    General                 (kmer_index_builder.hpp    : 314)   Starting k-mer counting.
  0:00:03.273     1M / 1058M INFO    General                 (kmer_index_builder.hpp    : 325)   K-mer counting done. There are 265272 kmers in total.
  0:00:03.274     1M / 1058M INFO   K-mer Index Building     (kmer_index_builder.hpp    : 460)   Building perfect hash indices
  0:00:03.295     1M / 1058M INFO   K-mer Index Building     (kmer_index_builder.hpp    : 496)   Index built. Total 265272 kmers, 206824 bytes occupied (6.23734 bits per kmer).
  0:00:03.295     1M / 1058M INFO    General                 (kmer_index_builder.hpp    : 191)   Merging final buckets.
  0:00:03.314     1M / 1058M INFO   DeBruijnExtensionIndexBu (kmer_extension_index_build: 101)   Building k-mer extensions from k+1-mers
  0:00:03.359     1M / 1058M INFO   DeBruijnExtensionIndexBu (kmer_extension_index_build: 106)   Building k-mer extensions from k+1-mers finished.
  0:00:03.360     1M / 1058M INFO    General                 (stage.cpp                 : 120)   PROCEDURE == Condensing graph (id: construction:graph_condensing)
  0:00:03.360     1M / 1058M INFO   UnbranchingPathExtractor (debruijn_graph_constructor: 324)   Extracting unbranching paths
  0:00:03.431     2M / 1058M INFO   UnbranchingPathExtractor (debruijn_graph_constructor: 348)   Extracting unbranching paths finished. 11479 sequences extracted
  0:00:03.480     2M / 1058M INFO   UnbranchingPathExtractor (debruijn_graph_constructor: 362)   Collecting perfect loops
  0:00:03.500     2M / 1058M INFO   UnbranchingPathExtractor (debruijn_graph_constructor: 395)   Collecting perfect loops finished. 0 loops collected
  0:00:03.501     2M / 1058M INFO   DeBruijnGraphConstructor (debruijn_graph_constructor: 597)   Sorting edges...
  0:00:03.504     2M / 1058M INFO   DeBruijnGraphConstructor (debruijn_graph_constructor: 602)   Edges sorted
  0:00:03.504     2M / 1058M INFO    General                 (debruijn_graph_constructor: 511)   Total 22958 edges to create
  0:00:03.504     3M / 1058M INFO    General                 (debruijn_graph_constructor: 514)   Collecting link records
  0:00:03.519     3M / 1058M INFO    General                 (debruijn_graph_constructor: 521)   Total short graph edges: 0
  0:00:03.519     3M / 1058M INFO    General                 (debruijn_graph_constructor: 523)   Ordering link records
  0:00:03.522     3M / 1058M INFO    General                 (debruijn_graph_constructor: 529)   Sorting done
  0:00:03.522     3M / 1058M INFO    General                 (debruijn_graph_constructor: 542)   Sorting LinkRecords...
  0:00:03.523     3M / 1058M INFO    General                 (debruijn_graph_constructor: 548)   LinkRecords sorted
  0:00:03.524     3M / 1058M INFO    General                 (debruijn_graph_constructor: 550)   Total 11388 vertices to create
  0:00:03.524     4M / 1058M INFO    General                 (debruijn_graph_constructor: 553)   Connecting the graph
  0:00:03.526     4M / 1058M INFO    General                 (stage.cpp                 : 120)   PROCEDURE == Filling coverage indices (PHM) (id: construction:coverage_filling_phm)
  0:00:03.526     4M / 1058M INFO   K-mer Index Building     (kmer_index_builder.hpp    : 460)   Building perfect hash indices
  0:00:03.558     4M / 1058M INFO   K-mer Index Building     (kmer_index_builder.hpp    : 496)   Index built. Total 265363 kmers, 206864 bytes occupied (6.23641 bits per kmer).
  0:00:03.559     5M / 1058M INFO    General                 (coverage_hash_map_builder.:  49)   Collecting k-mer coverage information from reads, this takes a while.
  0:00:05.428     5M / 1058M INFO    General                 (construction.cpp          : 400)   Filling coverage and flanking coverage from PHM
  0:00:05.503     5M / 1058M INFO    General                 (coverage_filling.hpp      :  83)   Processed 22957 edges
  0:00:05.530     3M / 1058M INFO   StageManager             (stage.cpp                 : 210)   STAGE == EC Threshold Finding (id: ec_threshold_finder)
  0:00:05.531     3M / 1058M INFO    General                 (kmer_coverage_model.cpp   : 182)   Kmer coverage valley at: 17
  0:00:05.531     3M / 1058M INFO    General                 (kmer_coverage_model.cpp   : 202)   K-mer histogram maximum: 20
  0:00:05.531     3M / 1058M INFO    General                 (kmer_coverage_model.cpp   : 238)   Estimated median coverage: 21. Coverage mad: 4.4478
  0:00:05.531     3M / 1058M INFO    General                 (kmer_coverage_model.cpp   : 260)   Fitting coverage model
  0:00:05.577     3M / 1058M INFO    General                 (kmer_coverage_model.cpp   : 296)   ... iteration 2
  0:00:05.751     3M / 1058M INFO    General                 (kmer_coverage_model.cpp   : 296)   ... iteration 4
  0:00:06.197     3M / 1058M INFO    General                 (kmer_coverage_model.cpp   : 296)   ... iteration 8
  0:00:07.105     3M / 1058M INFO    General                 (kmer_coverage_model.cpp   : 296)   ... iteration 16
  0:00:07.205     3M / 1058M INFO    General                 (kmer_coverage_model.cpp   : 310)   Fitted mean coverage: 15.3425. Fitted coverage std. dev: 12.3509
  0:00:07.207     3M / 1058M INFO    General                 (kmer_coverage_model.cpp   : 335)   Probability of erroneous kmer at valley: 2.74628e-06
  0:00:07.207     3M / 1058M INFO    General                 (kmer_coverage_model.cpp   : 359)   Preliminary threshold calculated as: 17
  0:00:07.207     3M / 1058M INFO    General                 (kmer_coverage_model.cpp   : 363)   Threshold adjusted to: 17
  0:00:07.208     3M / 1058M INFO    General                 (kmer_coverage_model.cpp   : 376)   Estimated genome size (ignoring repeats): 7142
  0:00:07.208     3M / 1058M INFO    General                 (genomic_info_filler.cpp   :  56)   Mean coverage was calculated as 15.3425
  0:00:07.209     3M / 1058M INFO    General                 (genomic_info_filler.cpp   :  71)   EC coverage threshold value was calculated as 17
  0:00:07.209     3M / 1058M INFO    General                 (genomic_info_filler.cpp   :  72)   Trusted kmer low bound: 42.4468
  0:00:07.209     3M / 1058M INFO   StageManager             (stage.cpp                 : 210)   STAGE == Gap Closer (id: early_gapcloser)
  0:00:07.211    17M / 1058M INFO    General                 (edge_index.hpp            : 132)   Size of edge index entries: 12/8
  0:00:07.214    17M / 1058M INFO    General                 (gap_closer.cpp            : 117)   Total edges in tip neighborhood: 5877 out of 22957, length: 199465
  0:00:07.214    17M / 1058M INFO    General                 (edge_index.hpp            : 196)   Using small index (max_id = 23075)
  0:00:07.226    17M / 1058M INFO   K-mer Index Building     (kmer_index_builder.hpp    : 460)   Building perfect hash indices
  0:00:07.272    17M / 1058M INFO   K-mer Index Building     (kmer_index_builder.hpp    : 496)   Index built. Total 183016 kmers, 132936 bytes occupied (5.8109 bits per kmer).
  0:00:07.273    18M / 1058M INFO    General                 (edge_index_builders.hpp   : 266)   Collecting edge information from graph, this takes a while.
  0:00:07.289    18M / 1058M INFO    General                 (sequence_mapper_notifier.h:  80)   Starting sequence mapping
  0:00:10.055    18M / 1058M INFO    General                 (sequence_mapper_notifier.h: 120)   Total 152824 reads processed
  0:00:10.059    17M / 1058M INFO    General                 (gap_closer.cpp            : 505)   Initializing gap closer
  0:00:10.059    17M / 1058M INFO   GapCloser                (gap_closer.cpp            : 421)   Collecting gap candidates
  0:00:10.061    17M / 1058M INFO   GapCloser                (gap_closer.cpp            : 425)   Total 4 tips collected, total 4 connection candidates
  0:00:10.061    17M / 1058M INFO   GapCloser                (gap_closer.cpp            : 446)   Closing short gaps complete: filled 0 gaps after checking 4 candidates
  0:00:10.062    17M / 1058M INFO    General                 (gap_closer.cpp            : 510)   Gap closer done
  0:00:10.063     3M / 1058M INFO   StageManager             (stage.cpp                 : 210)   STAGE == Raw Simplification (id: raw_simplification)
  0:00:10.063     3M / 1058M INFO    General                 (simplification.cpp        : 129)   PROCEDURE == Initial cleaning
  0:00:10.064     3M / 1058M INFO    General                 (graph_simplification.hpp  : 674)   Flanking coverage based disconnection disabled
  0:00:10.064     3M / 1058M INFO   Simplification           (parallel_processing.hpp   : 168)   Running Self conjugate edge remover
  0:00:10.067     3M / 1058M INFO   Simplification           (parallel_processing.hpp   : 171)   Self conjugate edge remover triggered 0 times
  0:00:10.067     3M / 1058M INFO   Simplification           (parallel_processing.hpp   : 168)   Running Initial tip clipper
  0:00:10.088     3M / 1058M INFO   Simplification           (parallel_processing.hpp   : 171)   Initial tip clipper triggered 5223 times
  0:00:10.089     3M / 1058M INFO   Simplification           (parallel_processing.hpp   : 168)   Running Initial ec remover
  0:00:10.092     3M / 1058M INFO   Simplification           (parallel_processing.hpp   : 171)   Initial ec remover triggered 223 times
  0:00:10.092     3M / 1058M INFO   Simplification           (parallel_processing.hpp   : 168)   Running Initial isolated edge remover
  0:00:10.093     3M / 1058M INFO   Simplification           (parallel_processing.hpp   : 171)   Initial isolated edge remover triggered 316 times
  0:00:10.093     3M / 1058M INFO   StageManager             (stage.cpp                 : 210)   STAGE == Simplification (id: simplification)
  0:00:10.093     3M / 1058M INFO    General                 (simplification.cpp        : 397)   Graph simplification started
  0:00:10.093     3M / 1058M INFO    General                 (graph_simplification.hpp  : 646)   Creating parallel br instance
  0:00:10.093     3M / 1058M INFO    General                 (simplification.cpp        : 402)   PROCEDURE == Simplification cycle, iteration 1
  0:00:10.093     3M / 1058M INFO   Simplification           (parallel_processing.hpp   : 168)   Running Tip clipper
  0:00:10.093     3M / 1058M INFO   Simplification           (parallel_processing.hpp   : 171)   Tip clipper triggered 6 times
  0:00:10.093     3M / 1058M INFO   Simplification           (parallel_processing.hpp   : 168)   Running Bulge remover
  0:00:10.135     6M / 1058M INFO   Simplification           (parallel_processing.hpp   : 171)   Bulge remover triggered 170 times
  0:00:10.137     6M / 1058M INFO   Simplification           (parallel_processing.hpp   : 168)   Running Low coverage edge remover
  0:00:10.137     6M / 1058M INFO   Simplification           (parallel_processing.hpp   : 171)   Low coverage edge remover triggered 1 times
  0:00:10.137     6M / 1058M INFO    General                 (simplification.cpp        : 402)   PROCEDURE == Simplification cycle, iteration 2
  0:00:10.137     6M / 1058M INFO   Simplification           (parallel_processing.hpp   : 168)   Running Tip clipper
  0:00:10.138     6M / 1058M INFO   Simplification           (parallel_processing.hpp   : 171)   Tip clipper triggered 0 times
  0:00:10.138     6M / 1058M INFO   Simplification           (parallel_processing.hpp   : 168)   Running Bulge remover
  0:00:10.138     6M / 1058M INFO   Simplification           (parallel_processing.hpp   : 171)   Bulge remover triggered 0 times
  0:00:10.138     6M / 1058M INFO   Simplification           (parallel_processing.hpp   : 168)   Running Low coverage edge remover
  0:00:10.139     6M / 1058M INFO   Simplification           (parallel_processing.hpp   : 171)   Low coverage edge remover triggered 8 times
  0:00:10.139     6M / 1058M INFO    General                 (simplification.cpp        : 402)   PROCEDURE == Simplification cycle, iteration 3
  0:00:10.139     6M / 1058M INFO   Simplification           (parallel_processing.hpp   : 168)   Running Tip clipper
  0:00:10.139     6M / 1058M INFO   Simplification           (parallel_processing.hpp   : 171)   Tip clipper triggered 0 times
  0:00:10.139     6M / 1058M INFO   Simplification           (parallel_processing.hpp   : 168)   Running Bulge remover
  0:00:10.140     6M / 1058M INFO   Simplification           (parallel_processing.hpp   : 171)   Bulge remover triggered 3 times
  0:00:10.141     6M / 1058M INFO   Simplification           (parallel_processing.hpp   : 168)   Running Low coverage edge remover
  0:00:10.141     6M / 1058M INFO   Simplification           (parallel_processing.hpp   : 171)   Low coverage edge remover triggered 1 times
  0:00:10.141     6M / 1058M INFO    General                 (simplification.cpp        : 402)   PROCEDURE == Simplification cycle, iteration 4
  0:00:10.141     6M / 1058M INFO   Simplification           (parallel_processing.hpp   : 168)   Running Tip clipper
  0:00:10.141     6M / 1058M INFO   Simplification           (parallel_processing.hpp   : 171)   Tip clipper triggered 0 times
  0:00:10.142     6M / 1058M INFO   Simplification           (parallel_processing.hpp   : 168)   Running Bulge remover
  0:00:10.142     6M / 1058M INFO   Simplification           (parallel_processing.hpp   : 171)   Bulge remover triggered 0 times
  0:00:10.142     6M / 1058M INFO   Simplification           (parallel_processing.hpp   : 168)   Running Low coverage edge remover
  0:00:10.142     6M / 1058M INFO   Simplification           (parallel_processing.hpp   : 171)   Low coverage edge remover triggered 0 times
  0:00:10.142     6M / 1058M INFO    General                 (simplification.cpp        : 402)   PROCEDURE == Simplification cycle, iteration 5
  0:00:10.142     6M / 1058M INFO   Simplification           (parallel_processing.hpp   : 168)   Running Tip clipper
  0:00:10.142     6M / 1058M INFO   Simplification           (parallel_processing.hpp   : 171)   Tip clipper triggered 0 times
  0:00:10.142     6M / 1058M INFO   Simplification           (parallel_processing.hpp   : 168)   Running Bulge remover
  0:00:10.142     6M / 1058M INFO   Simplification           (parallel_processing.hpp   : 171)   Bulge remover triggered 0 times
  0:00:10.142     6M / 1058M INFO   Simplification           (parallel_processing.hpp   : 168)   Running Low coverage edge remover
  0:00:10.142     6M / 1058M INFO   Simplification           (parallel_processing.hpp   : 171)   Low coverage edge remover triggered 0 times
  0:00:10.142     6M / 1058M INFO    General                 (simplification.cpp        : 402)   PROCEDURE == Simplification cycle, iteration 6
  0:00:10.142     6M / 1058M INFO   Simplification           (parallel_processing.hpp   : 168)   Running Tip clipper
  0:00:10.142     6M / 1058M INFO   Simplification           (parallel_processing.hpp   : 171)   Tip clipper triggered 0 times
  0:00:10.142     6M / 1058M INFO   Simplification           (parallel_processing.hpp   : 168)   Running Bulge remover
  0:00:10.142     6M / 1058M INFO   Simplification           (parallel_processing.hpp   : 171)   Bulge remover triggered 0 times
  0:00:10.142     6M / 1058M INFO   Simplification           (parallel_processing.hpp   : 168)   Running Low coverage edge remover
  0:00:10.143     6M / 1058M INFO   Simplification           (parallel_processing.hpp   : 171)   Low coverage edge remover triggered 0 times
  0:00:10.143     6M / 1058M INFO    General                 (simplification.cpp        : 402)   PROCEDURE == Simplification cycle, iteration 7
  0:00:10.143     6M / 1058M INFO   Simplification           (parallel_processing.hpp   : 168)   Running Tip clipper
  0:00:10.143     6M / 1058M INFO   Simplification           (parallel_processing.hpp   : 171)   Tip clipper triggered 0 times
  0:00:10.143     6M / 1058M INFO   Simplification           (parallel_processing.hpp   : 168)   Running Bulge remover
  0:00:10.143     6M / 1058M INFO   Simplification           (parallel_processing.hpp   : 171)   Bulge remover triggered 0 times
  0:00:10.143     6M / 1058M INFO   Simplification           (parallel_processing.hpp   : 168)   Running Low coverage edge remover
  0:00:10.143     6M / 1058M INFO   Simplification           (parallel_processing.hpp   : 171)   Low coverage edge remover triggered 0 times
  0:00:10.143     6M / 1058M INFO    General                 (simplification.cpp        : 402)   PROCEDURE == Simplification cycle, iteration 8
  0:00:10.146     6M / 1058M INFO   Simplification           (parallel_processing.hpp   : 168)   Running Tip clipper
  0:00:10.146     6M / 1058M INFO   Simplification           (parallel_processing.hpp   : 171)   Tip clipper triggered 0 times
  0:00:10.146     6M / 1058M INFO   Simplification           (parallel_processing.hpp   : 168)   Running Bulge remover
  0:00:10.146     6M / 1058M INFO   Simplification           (parallel_processing.hpp   : 171)   Bulge remover triggered 0 times
  0:00:10.146     6M / 1058M INFO   Simplification           (parallel_processing.hpp   : 168)   Running Low coverage edge remover
  0:00:10.146     6M / 1058M INFO   Simplification           (parallel_processing.hpp   : 171)   Low coverage edge remover triggered 0 times
  0:00:10.146     6M / 1058M INFO    General                 (simplification.cpp        : 402)   PROCEDURE == Simplification cycle, iteration 9
  0:00:10.146     6M / 1058M INFO   Simplification           (parallel_processing.hpp   : 168)   Running Tip clipper
  0:00:10.146     6M / 1058M INFO   Simplification           (parallel_processing.hpp   : 171)   Tip clipper triggered 0 times
  0:00:10.146     6M / 1058M INFO   Simplification           (parallel_processing.hpp   : 168)   Running Bulge remover
  0:00:10.146     6M / 1058M INFO   Simplification           (parallel_processing.hpp   : 171)   Bulge remover triggered 0 times
  0:00:10.146     6M / 1058M INFO   Simplification           (parallel_processing.hpp   : 168)   Running Low coverage edge remover
  0:00:10.146     6M / 1058M INFO   Simplification           (parallel_processing.hpp   : 171)   Low coverage edge remover triggered 0 times
  0:00:10.146     6M / 1058M INFO    General                 (simplification.cpp        : 402)   PROCEDURE == Simplification cycle, iteration 10
  0:00:10.146     6M / 1058M INFO   Simplification           (parallel_processing.hpp   : 168)   Running Tip clipper
  0:00:10.146     6M / 1058M INFO   Simplification           (parallel_processing.hpp   : 171)   Tip clipper triggered 0 times
  0:00:10.146     6M / 1058M INFO   Simplification           (parallel_processing.hpp   : 168)   Running Bulge remover
  0:00:10.146     6M / 1058M INFO   Simplification           (parallel_processing.hpp   : 171)   Bulge remover triggered 0 times
  0:00:10.146     6M / 1058M INFO   Simplification           (parallel_processing.hpp   : 168)   Running Low coverage edge remover
  0:00:10.146     6M / 1058M INFO   Simplification           (parallel_processing.hpp   : 171)   Low coverage edge remover triggered 0 times
  0:00:10.146     6M / 1058M INFO    General                 (simplification.cpp        : 402)   PROCEDURE == Simplification cycle, iteration 11
  0:00:10.146     6M / 1058M INFO   Simplification           (parallel_processing.hpp   : 168)   Running Tip clipper
  0:00:10.146     6M / 1058M INFO   Simplification           (parallel_processing.hpp   : 171)   Tip clipper triggered 0 times
  0:00:10.146     6M / 1058M INFO   Simplification           (parallel_processing.hpp   : 168)   Running Bulge remover
  0:00:10.146     6M / 1058M INFO   Simplification           (parallel_processing.hpp   : 171)   Bulge remover triggered 0 times
  0:00:10.146     6M / 1058M INFO   Simplification           (parallel_processing.hpp   : 168)   Running Low coverage edge remover
  0:00:10.146     6M / 1058M INFO   Simplification           (parallel_processing.hpp   : 171)   Low coverage edge remover triggered 0 times
  0:00:10.147     6M / 1058M INFO   StageManager             (stage.cpp                 : 210)   STAGE == Gap Closer (id: late_gapcloser)
  0:00:10.154    20M / 1058M INFO    General                 (edge_index.hpp            : 132)   Size of edge index entries: 12/8
  0:00:10.156    20M / 1058M INFO    General                 (gap_closer.cpp            : 117)   Total edges in tip neighborhood: 1 out of 12, length: 892
  0:00:10.156    20M / 1058M INFO    General                 (edge_index.hpp            : 196)   Using small index (max_id = 23075)
  0:00:10.157    20M / 1058M INFO   K-mer Index Building     (kmer_index_builder.hpp    : 460)   Building perfect hash indices
  0:00:10.158    20M / 1058M INFO   K-mer Index Building     (kmer_index_builder.hpp    : 496)   Index built. Total 892 kmers, 1416 bytes occupied (12.6996 bits per kmer).
  0:00:10.158    20M / 1058M INFO    General                 (edge_index_builders.hpp   : 266)   Collecting edge information from graph, this takes a while.
  0:00:10.158    20M / 1058M INFO    General                 (sequence_mapper_notifier.h:  80)   Starting sequence mapping
  0:00:13.855    20M / 1058M INFO    General                 (sequence_mapper_notifier.h: 120)   Total 152824 reads processed
  0:00:13.857    20M / 1058M INFO    General                 (gap_closer.cpp            : 505)   Initializing gap closer
  0:00:13.857    20M / 1058M INFO   GapCloser                (gap_closer.cpp            : 421)   Collecting gap candidates
  0:00:13.857    20M / 1058M INFO   GapCloser                (gap_closer.cpp            : 425)   Total 0 tips collected, total 0 connection candidates
  0:00:13.857    20M / 1058M INFO   GapCloser                (gap_closer.cpp            : 446)   Closing short gaps complete: filled 0 gaps after checking 0 candidates
  0:00:13.857    20M / 1058M INFO    General                 (gap_closer.cpp            : 510)   Gap closer done
  0:00:13.858     6M / 1058M INFO   StageManager             (stage.cpp                 : 210)   STAGE == Simplification Cleanup (id: simplification_cleanup)
  0:00:13.858     6M / 1058M INFO    General                 (simplification.cpp        : 189)   PROCEDURE == Post simplification
  0:00:13.859     6M / 1058M INFO    General                 (graph_simplification.hpp  : 455)   Disconnection of relatively low covered edges disabled
  0:00:13.859     6M / 1058M INFO    General                 (graph_simplification.hpp  : 494)   Complex tip clipping disabled
  0:00:13.859     6M / 1058M INFO    General                 (graph_simplification.hpp  : 646)   Creating parallel br instance
  0:00:13.859     6M / 1058M INFO   Simplification           (parallel_processing.hpp   : 168)   Running Tip clipper
  0:00:13.859     6M / 1058M INFO   Simplification           (parallel_processing.hpp   : 171)   Tip clipper triggered 0 times
  0:00:13.859     6M / 1058M INFO   Simplification           (parallel_processing.hpp   : 168)   Running Bulge remover
  0:00:13.859     6M / 1058M INFO   Simplification           (parallel_processing.hpp   : 171)   Bulge remover triggered 0 times
  0:00:13.859     6M / 1058M INFO   Simplification           (parallel_processing.hpp   : 168)   Running Tip clipper
  0:00:13.859     6M / 1058M INFO   Simplification           (parallel_processing.hpp   : 171)   Tip clipper triggered 0 times
  0:00:13.859     6M / 1058M INFO   Simplification           (parallel_processing.hpp   : 168)   Running Bulge remover
  0:00:13.859     6M / 1058M INFO   Simplification           (parallel_processing.hpp   : 171)   Bulge remover triggered 0 times
  0:00:13.859     6M / 1058M INFO    General                 (simplification.cpp        : 348)   Disrupting self-conjugate edges
  0:00:13.860     6M / 1058M INFO   Simplification           (parallel_processing.hpp   : 168)   Running Removing isolated edges
  0:00:13.860     6M / 1058M INFO   Simplification           (parallel_processing.hpp   : 171)   Removing isolated edges triggered 0 times
  0:00:13.860     6M / 1058M INFO    General                 (simplification.cpp        : 358)   Removing all the edges having coverage 42.4468 and less
  0:00:13.860     6M / 1058M INFO    General                 (simplification.cpp        : 508)   After simplification:
  0:00:13.861     6M / 1058M INFO    General                 (simplification.cpp        : 509)     Average coverage = 974.864
  0:00:13.861     6M / 1058M INFO    General                 (simplification.cpp        : 510)     Total length = 29844
  0:00:13.862     6M / 1058M INFO    General                 (simplification.cpp        : 511)     Median edge length: 28951
  0:00:13.862     6M / 1058M INFO    General                 (simplification.cpp        : 512)     Edges: 6
  0:00:13.862     6M / 1058M INFO    General                 (simplification.cpp        : 513)     Vertices: 6
  0:00:13.862     6M / 1058M INFO   StageManager             (stage.cpp                 : 210)   STAGE == Mismatch Correction (id: mismatch_correction)
  0:00:13.862     6M / 1058M INFO    General                 (graph_pack_helpers.cpp    :  43)   Index refill
  0:00:13.862     6M / 1058M INFO    General                 (edge_index.hpp            : 175)   Using small index (max_id = 23075)
  0:00:13.866     6M / 1058M INFO   K-mer Index Building     (kmer_index_builder.hpp    : 460)   Building perfect hash indices
  0:00:13.884     6M / 1058M INFO   K-mer Index Building     (kmer_index_builder.hpp    : 496)   Index built. Total 29844 kmers, 22312 bytes occupied (5.98097 bits per kmer).
  0:00:13.888     7M / 1058M INFO    General                 (edge_index_builders.hpp   : 253)   Collecting edge information from graph, this takes a while.
  0:00:13.895     7M / 1058M INFO    General                 (graph_pack_helpers.cpp    :  55)   Normalizing k-mer map. Total 43486 kmers to process
  0:00:13.906     7M / 1058M INFO    General                 (kmer_mapper.hpp           :  87)   Total 4912 kmers with non-trivial roots
  0:00:13.907     7M / 1058M INFO    General                 (graph_pack_helpers.cpp    :  57)   Normalizing done
  0:00:13.907     7M / 1058M INFO    General                 (mismatch_correction.cpp   : 421)   Collect potential mismatches
  0:00:13.960     7M / 1058M INFO    General                 (mismatch_correction.cpp   : 213)   Total 4 edges (out of 6) with 9288 potential mismatch positions (2322 positions per edge)
  0:00:13.960     7M / 1058M INFO    General                 (mismatch_correction.cpp   : 423)   Potential mismatches collected
  0:00:13.961     7M / 1058M INFO    General                 (sequence_mapper_notifier.h:  80)   Starting sequence mapping
  0:00:17.000     7M / 1058M INFO    General                 (sequence_mapper_notifier.h: 101)   Processed 200000 reads
  0:00:17.006     8M / 1058M INFO    General                 (sequence_mapper_notifier.h: 101)   Processed 400000 reads
  0:00:18.626     9M / 1058M INFO    General                 (sequence_mapper_notifier.h: 120)   Total 611320 reads processed
  0:00:18.627     7M / 1058M INFO    General                 (mismatch_correction.cpp   : 416)   All edges processed
  0:00:18.627     7M / 1058M INFO    General                 (mismatch_correction.cpp   : 471)   Corrected 0 nucleotides
  0:00:18.627     7M / 1058M INFO   StageManager             (stage.cpp                 : 210)   STAGE == Contig Output (id: contig_output)
  0:00:18.627     7M / 1058M INFO    General                 (contig_output.hpp         :  20)   Outputting contigs to "/workspaces/Bioinfo_PPGSis_2026.1/1_dados/1.brutos/aula_04/spades/K127/before_rr.fasta"
  0:00:18.628     7M / 1058M INFO    General                 (contig_output_stage.cpp   : 159)   Writing GFA graph to "/workspaces/Bioinfo_PPGSis_2026.1/1_dados/1.brutos/aula_04/spades/K127/assembly_graph_after_simplification.gfa"
  0:00:18.629     7M / 1058M INFO   StageManager             (stage.cpp                 : 210)   STAGE == Paired Information Counting (id: late_pair_info_count)
  0:00:18.629     7M / 1058M INFO    General                 (graph_pack_helpers.cpp    :  55)   Normalizing k-mer map. Total 43486 kmers to process
  0:00:18.629     7M / 1058M INFO    General                 (graph_pack_helpers.cpp    :  57)   Normalizing done
  0:00:18.629     7M / 1058M INFO    General                 (pair_info_count.cpp       : 165)   Min edge length for estimation: 28951
  0:00:18.629     7M / 1058M INFO    General                 (pair_info_count.cpp       : 176)   Estimating insert size for library #0
  0:00:18.629     7M / 1058M INFO    General                 (pair_info_count.cpp       :  41)   Selecting usual mapper
  0:00:18.629     7M / 1058M INFO    General                 (paired_info_utils.cpp     : 102)   Estimating insert size (takes a while)
  0:00:18.632    55M / 1058M INFO    General                 (sequence_mapper_notifier.h:  80)   Starting sequence mapping
  0:00:19.530    55M / 1058M INFO    General                 (sequence_mapper_notifier.h: 120)   Total 152824 reads processed
  0:00:19.635    55M / 1058M INFO    General                 (paired_info_utils.cpp     : 119)   Edge pairs: 15
  0:00:19.635    55M / 1058M INFO    General                 (paired_info_utils.cpp     : 121)   131067 paired reads (85.7634% of all) aligned to long edges
  0:00:19.636     7M / 1058M INFO    General                 (pair_info_count.cpp       : 196)     Insert size = 287.639, deviation = 83.4532, left quantile = 183, right quantile = 382, read length = 251
  0:00:19.636     7M / 1058M INFO    General                 (pair_info_count.cpp       : 211)   Filtering data for library #0
  0:00:19.636     7M / 1058M INFO    General                 (pair_info_count.cpp       :  41)   Selecting usual mapper
  0:00:19.636     7M / 1058M INFO    General                 (sequence_mapper_notifier.h:  80)   Starting sequence mapping
  0:00:20.490     7M / 1058M INFO    General                 (sequence_mapper_notifier.h: 120)   Total 152824 reads processed
  0:00:20.491     7M / 1058M INFO    General                 (pair_info_count.cpp       : 216)   Mapping library #0
  0:00:20.492     7M / 1058M INFO    General                 (pair_info_count.cpp       : 218)   Mapping paired reads (takes a while)
  0:00:20.492     7M / 1058M INFO    General                 (pair_info_count.cpp       :  41)   Selecting usual mapper
  0:00:20.492     7M / 1058M INFO    General                 (paired_info_utils.cpp     : 152)   Left insert size quantile 183, right insert size quantile 382, filtering threshold 2, rounding threshold 0
  0:00:20.494    20M / 1058M INFO    General                 (sequence_mapper_notifier.h:  80)   Starting sequence mapping
  0:00:21.463    20M / 1058M INFO    General                 (sequence_mapper_notifier.h: 120)   Total 152824 reads processed
  0:00:21.475     7M / 1058M INFO   StageManager             (stage.cpp                 : 210)   STAGE == Distance Estimation (id: distance_estimation)
  0:00:21.476     7M / 1058M INFO    General                 (distance_estimation.cpp   :  75)   Processing library #0
  0:00:21.478     7M / 1058M INFO    General                 (distance_estimation_utils.:  23)   Estimating distances
  0:00:21.481     7M / 1058M INFO   DistanceEstimator        (distance_estimation.hpp   : 132)   Using SIMPLE distance estimator
  0:00:21.489     7M / 1058M INFO    General                 (distance_estimation_utils.: 137)   Refining clustered pair information
  0:00:21.489     7M / 1058M INFO    General                 (distance_estimation_utils.: 139)   The refining of clustered pair information has been finished
  0:00:21.489     7M / 1058M INFO    General                 (distance_estimation_utils.: 141)   Improving paired information
  0:00:21.493     7M / 1058M INFO   PairInfoImprover         (pair_info_improver.hpp    :  80)   Paired info stats: missing = 0; contradictional = 4
  0:00:21.498     7M / 1058M INFO   PairInfoImprover         (pair_info_improver.hpp    :  80)   Paired info stats: missing = 0; contradictional = 0
  0:00:21.499     7M / 1058M INFO    General                 (distance_estimation_utils.:  81)   Filling scaffolding index
  0:00:21.499     7M / 1058M INFO    General                 (distance_estimation_utils.:  23)   Estimating distances
  0:00:21.499     7M / 1058M INFO   DistanceEstimator        (distance_estimation.hpp   : 132)   Using SMOOTHING distance estimator
  0:00:51.446     7M / 1058M INFO    General                 (distance_estimation.cpp   :  84)   Clearing raw paired index
  0:00:51.446     7M / 1058M INFO   StageManager             (stage.cpp                 : 210)   STAGE == Repeat Resolving (id: repeat_resolving)
  0:00:51.446     7M / 1058M INFO    General                 (repeat_resolving.cpp      :  88)   Using Path-Extend repeat resolving
  0:00:51.447     7M / 1058M INFO    General                 (launcher.cpp              : 636)   ExSPAnder repeat resolving tool started
  0:00:51.447     7M / 1058M INFO    General                 (coverage_uniformity_analyz:  25)   genomic coverage is 964.984 calculated of length 28951
  0:00:51.447     7M / 1058M WARN    General                 (launcher.cpp              : 185)   Your data seems to have high uniform coverage depth. It is strongly recommended to use --isolate option.
  0:00:51.447     7M / 1058M INFO    General                 (launcher.cpp              : 444)   Creating main extenders, unique edge length = 2000
  0:00:51.448     7M / 1058M INFO    General                 (extenders_logic.cpp       : 341)   Estimated coverage of library #0 is 974.864
  0:00:51.448     7M / 1058M INFO    General                 (extenders_logic.cpp       : 352)   Creating extender; library index size: 6
  0:00:51.448     7M / 1058M INFO    General                 (extenders_logic.cpp       : 341)   Estimated coverage of library #0 is 974.864
  0:00:51.448     7M / 1058M INFO    General                 (extenders_logic.cpp       : 352)   Creating extender; library index size: 6
  0:00:51.449     7M / 1058M INFO    General                 (extenders_logic.cpp       : 550)   Using 1 paired-end library
  0:00:51.449     7M / 1058M INFO    General                 (extenders_logic.cpp       : 551)   Using 1 paired-end scaffolding library
  0:00:51.449     7M / 1058M INFO    General                 (extenders_logic.cpp       : 552)   Using 0 single read libraries
  0:00:51.449     7M / 1058M INFO    General                 (launcher.cpp              : 473)   Total number of extenders is 3
  0:00:51.449     7M / 1058M INFO    General                 (launcher.cpp              : 264)   Finalizing paths
  0:00:51.449     7M / 1058M INFO    General                 (launcher.cpp              : 266)   Deduplicating paths
  0:00:51.449     7M / 1058M INFO    General                 (launcher.cpp              : 270)   Paths deduplicated
  0:00:51.449     7M / 1058M INFO   PEResolver               (pe_resolver.cpp           :  70)   Removing overlaps
  0:00:51.449     7M / 1058M INFO   PEResolver               (pe_resolver.cpp           :  73)   Sorting paths
  0:00:51.449     7M / 1058M INFO   PEResolver               (pe_resolver.cpp           :  80)   Marking overlaps
  0:00:51.449     7M / 1058M INFO   OverlapRemover           (overlap_remover.hpp       : 120)   Marking start/end overlaps
  0:00:51.449     7M / 1058M INFO   OverlapRemover           (overlap_remover.hpp       : 123)   Marking remaining overlaps
  0:00:51.449     7M / 1058M INFO   PEResolver               (pe_resolver.cpp           :  83)   Splitting paths
  0:00:51.449     7M / 1058M INFO   PEResolver               (pe_resolver.cpp           :  88)   Deduplicating paths
  0:00:51.449     7M / 1058M INFO   PEResolver               (pe_resolver.cpp           :  90)   Overlaps removed
  0:00:51.449     7M / 1058M INFO    General                 (launcher.cpp              : 287)   Paths finalized
  0:00:51.449     7M / 1058M INFO    General                 (launcher.cpp              : 482)   Closing gaps in paths
  0:00:51.451     7M / 1058M INFO    General                 (launcher.cpp              : 512)   Gap closing completed
  0:00:51.451     7M / 1058M INFO    General                 (launcher.cpp              : 320)   Traversing tandem repeats
  0:00:51.451     7M / 1058M INFO    General                 (launcher.cpp              : 330)   Traversed 0 loops
  0:00:51.451     7M / 1058M INFO    General                 (launcher.cpp              : 264)   Finalizing paths
  0:00:51.451     7M / 1058M INFO    General                 (launcher.cpp              : 266)   Deduplicating paths
  0:00:51.451     7M / 1058M INFO    General                 (launcher.cpp              : 270)   Paths deduplicated
  0:00:51.451     7M / 1058M INFO   PEResolver               (pe_resolver.cpp           :  70)   Removing overlaps
  0:00:51.451     7M / 1058M INFO   PEResolver               (pe_resolver.cpp           :  73)   Sorting paths
  0:00:51.451     7M / 1058M INFO   PEResolver               (pe_resolver.cpp           :  80)   Marking overlaps
  0:00:51.451     7M / 1058M INFO   OverlapRemover           (overlap_remover.hpp       : 120)   Marking start/end overlaps
  0:00:51.451     7M / 1058M INFO   OverlapRemover           (overlap_remover.hpp       : 123)   Marking remaining overlaps
  0:00:51.451     7M / 1058M INFO   PEResolver               (pe_resolver.cpp           :  83)   Splitting paths
  0:00:51.451     7M / 1058M INFO   PEResolver               (pe_resolver.cpp           :  88)   Deduplicating paths
  0:00:51.451     7M / 1058M INFO   PEResolver               (pe_resolver.cpp           :  90)   Overlaps removed
  0:00:51.451     7M / 1058M INFO    General                 (launcher.cpp              : 287)   Paths finalized
  0:00:51.451     7M / 1058M INFO    General                 (launcher.cpp              : 701)   ExSPAnder repeat resolving tool finished
  0:00:51.451     7M / 1058M INFO   StageManager             (stage.cpp                 : 210)   STAGE == Contig Output (id: contig_output)
  0:00:51.451     7M / 1058M INFO    General                 (contig_output.hpp         :  20)   Outputting contigs to "/workspaces/Bioinfo_PPGSis_2026.1/1_dados/1.brutos/aula_04/spades/K127/before_rr.fasta"
  0:00:51.454     7M / 1058M INFO    General                 (contig_output_stage.cpp   : 159)   Writing GFA graph to "/workspaces/Bioinfo_PPGSis_2026.1/1_dados/1.brutos/aula_04/spades/K127/assembly_graph_with_scaffolds.gfa"
  0:00:51.454     7M / 1058M INFO    General                 (contig_output_stage.cpp   : 175)   Outputting FastG graph to "/workspaces/Bioinfo_PPGSis_2026.1/1_dados/1.brutos/aula_04/spades/K127/assembly_graph.fastg"
  0:00:51.455     7M / 1058M INFO    General                 (contig_output_stage.cpp   : 210)   Breaking scaffolds
  0:00:51.458     7M / 1058M INFO    General                 (contig_output_stage.cpp   : 101)   Outputting contigs to /workspaces/Bioinfo_PPGSis_2026.1/1_dados/1.brutos/aula_04/spades/K127/final_contigs.fasta
  0:00:51.460     7M / 1058M INFO    General                 (contig_output_stage.cpp   : 107)   Outputting FastG paths to /workspaces/Bioinfo_PPGSis_2026.1/1_dados/1.brutos/aula_04/spades/K127/final_contigs.paths
  0:00:51.460     7M / 1058M INFO    General                 (contig_output_stage.cpp   : 101)   Outputting contigs to /workspaces/Bioinfo_PPGSis_2026.1/1_dados/1.brutos/aula_04/spades/K127/scaffolds.fasta
  0:00:51.460     7M / 1058M INFO    General                 (contig_output_stage.cpp   : 107)   Outputting FastG paths to /workspaces/Bioinfo_PPGSis_2026.1/1_dados/1.brutos/aula_04/spades/K127/scaffolds.paths
  0:00:51.461     7M / 1058M INFO    General                 (contig_output_stage.cpp   : 114)   Populating GFA with scaffold paths
  0:00:51.461     7M / 1058M INFO    General                 (pipeline.cpp              : 305)   SPAdes finished
  0:00:51.470     1M / 1058M INFO    General                 (main.cpp                  : 131)   Assembling time: 0 hours 0 minutes 51 seconds

===== K127 finished. 


===== Copy files started. 


== Running: /home/vscode/miniforge3/envs/bioinfo/bin/python3 /home/vscode/miniforge3/envs/bioinfo/share/spades/spades_pipeline/supplemetary/copy_files.py /workspaces/Bioinfo_PPGSis_2026.1/1_dados/1.brutos/aula_04/spades/K127/before_rr.fasta /workspaces/Bioinfo_PPGSis_2026.1/1_dados/1.brutos/aula_04/spades/before_rr.fasta /workspaces/Bioinfo_PPGSis_2026.1/1_dados/1.brutos/aula_04/spades/K127/assembly_graph_after_simplification.gfa /workspaces/Bioinfo_PPGSis_2026.1/1_dados/1.brutos/aula_04/spades/assembly_graph_after_simplification.gfa /workspaces/Bioinfo_PPGSis_2026.1/1_dados/1.brutos/aula_04/spades/K127/final_contigs.fasta /workspaces/Bioinfo_PPGSis_2026.1/1_dados/1.brutos/aula_04/spades/contigs.fasta /workspaces/Bioinfo_PPGSis_2026.1/1_dados/1.brutos/aula_04/spades/K127/first_pe_contigs.fasta /workspaces/Bioinfo_PPGSis_2026.1/1_dados/1.brutos/aula_04/spades/first_pe_contigs.fasta /workspaces/Bioinfo_PPGSis_2026.1/1_dados/1.brutos/aula_04/spades/K127/strain_graph.gfa /workspaces/Bioinfo_PPGSis_2026.1/1_dados/1.brutos/aula_04/spades/strain_graph.gfa /workspaces/Bioinfo_PPGSis_2026.1/1_dados/1.brutos/aula_04/spades/K127/scaffolds.fasta /workspaces/Bioinfo_PPGSis_2026.1/1_dados/1.brutos/aula_04/spades/scaffolds.fasta /workspaces/Bioinfo_PPGSis_2026.1/1_dados/1.brutos/aula_04/spades/K127/scaffolds.paths /workspaces/Bioinfo_PPGSis_2026.1/1_dados/1.brutos/aula_04/spades/scaffolds.paths /workspaces/Bioinfo_PPGSis_2026.1/1_dados/1.brutos/aula_04/spades/K127/assembly_graph_with_scaffolds.gfa /workspaces/Bioinfo_PPGSis_2026.1/1_dados/1.brutos/aula_04/spades/assembly_graph_with_scaffolds.gfa /workspaces/Bioinfo_PPGSis_2026.1/1_dados/1.brutos/aula_04/spades/K127/assembly_graph.fastg /workspaces/Bioinfo_PPGSis_2026.1/1_dados/1.brutos/aula_04/spades/assembly_graph.fastg /workspaces/Bioinfo_PPGSis_2026.1/1_dados/1.brutos/aula_04/spades/K127/final_contigs.paths /workspaces/Bioinfo_PPGSis_2026.1/1_dados/1.brutos/aula_04/spades/contigs.paths


===== Copy files finished. 


===== Assembling finished. 


===== Breaking scaffolds started. 


== Running: /home/vscode/miniforge3/envs/bioinfo/bin/python3 /home/vscode/miniforge3/envs/bioinfo/share/spades/spades_pipeline/supplemetary/breaking_scaffolds_script.py --result_scaffolds_filename /workspaces/Bioinfo_PPGSis_2026.1/1_dados/1.brutos/aula_04/spades/scaffolds.fasta --misc_dir /workspaces/Bioinfo_PPGSis_2026.1/1_dados/1.brutos/aula_04/spades/misc --threshold_for_breaking_scaffolds 3


===== Breaking scaffolds finished. 


===== Terminate started. 


===== Terminate finished. 

 * Corrected reads are in /workspaces/Bioinfo_PPGSis_2026.1/1_dados/1.brutos/aula_04/spades/corrected/
 * Assembled contigs are in /workspaces/Bioinfo_PPGSis_2026.1/1_dados/1.brutos/aula_04/spades/contigs.fasta
 * Assembled scaffolds are in /workspaces/Bioinfo_PPGSis_2026.1/1_dados/1.brutos/aula_04/spades/scaffolds.fasta
 * Paths in the assembly graph corresponding to the contigs are in /workspaces/Bioinfo_PPGSis_2026.1/1_dados/1.brutos/aula_04/spades/contigs.paths
 * Paths in the assembly graph corresponding to the scaffolds are in /workspaces/Bioinfo_PPGSis_2026.1/1_dados/1.brutos/aula_04/spades/scaffolds.paths
 * Assembly graph is in /workspaces/Bioinfo_PPGSis_2026.1/1_dados/1.brutos/aula_04/spades/assembly_graph.fastg
 * Assembly graph in GFA format is in /workspaces/Bioinfo_PPGSis_2026.1/1_dados/1.brutos/aula_04/spades/assembly_graph_with_scaffolds.gfa

======= SPAdes pipeline finished WITH WARNINGS!

=== Error correction and assembling warnings:
 * 0:00:11.096     2M / 592M  WARN    General                 (kmer_coverage_model.cpp   : 328)   Valley value was estimated improperly, reset to 4
 * 0:00:08.823     3M / 890M  WARN    General                 (kmer_coverage_model.cpp   : 328)   Valley value was estimated improperly, reset to 3
 * 0:00:51.447     7M / 1058M WARN    General                 (launcher.cpp              : 185)   Your data seems to have high uniform coverage depth. It is strongly recommended to use --isolate option.
======= Warnings saved to /workspaces/Bioinfo_PPGSis_2026.1/1_dados/1.brutos/aula_04/spades/warnings.log

SPAdes log can be found here: /workspaces/Bioinfo_PPGSis_2026.1/1_dados/1.brutos/aula_04/spades/spades.log

Thank you for using SPAdes! If you use it in your research, please cite:

  Prjibelski, A., Antipov, D., Meleshko, D., Lapidus, A. and Korobeynikov, A., 2020. Using SPAdes de novo assembler. Current protocols in bioinformatics, 70(1), p.e102.
  doi.org/10.1002/cpbi.102

